question,expected_answer,generated_answer,perplexity,keyword_score,semantic_score,ai_judge_score,final_score
"What is the rate of bleeding stroke associated with statin use over 5 years of treatment per 10,000 people treated?","Over 5 years of treatment, statins result in 7.5 cases of bleeding stroke per 10,000 people treated.","Okay, I can help you with that! Let's break down the rate of bleeding stroke associated with statin use over 5 years of treatment per 10,000 people treated.

**Understanding Statins and Bleeding Stroke**

Statins are a class of drugs used to lower cholesterol levels. They work by inhibiting the enzyme acetylcholinesterase. This inhibition leads to the accumulation of acetylcholine, which is essential for nerve function and muscle contraction.

**The Rate of Bleeding Stroke:**

Bleeding stroke is a serious complication of statin therapy. It occurs when the blood supply to the brain is interrupted, leading to a sudden and often severe loss of blood flow. The rate at which this happens depends on several factors:

*   **Type of statin:** Different statins have different mechanisms of action. Some are more effective than others.
*   **Dosage:** Higher doses generally lead to faster onset and greater risk of bleeding.
*   **Duration of treatment:** Longer-term use increases the likelihood of bleeding.
*   **Individual factors:** Age, overall health, pre-existing conditions, and other medications can all influence the rate of bleeding.

**Factors Influencing Bleeding Stroke Rate:**

Several factors",9.024480819702148,0.19128937691739575,0.8170369162129658,0.4,0.5250726418686655
Which medications used in cardiac stress testing can cause mild hypotension?,Adenosine and dipyridamole.,"Okay, I'm ready to provide accurate and informative answers to your clinical questions about cardiac stress testing. Please proceed with your questions.",472.9039001464844,0.0,0.14667028695223797,0.2,0.1386681147808952
What is the advantage of using perfusion stress test with 99mTc labelled sestamibi?,It is appropriate for select patients with an abnormal resting electrocardiogram.,"The advantage of using perfusion stress test with 99mTc labelled sestamibi is its ability to provide a more accurate and detailed assessment of myocardial perfusion than traditional methods like echocardiography. This is because it allows for a more comprehensive evaluation of the heart's response to different cardiac stimuli, including changes in blood flow, pressure, and even the presence of other abnormalities.",550.7425537109375,0.03521445697723202,0.4966869008672614,0.4,0.365717651742351
What is the suggested course of action if angina is suspected?,An urgent medical assessment is suggested to rule out serious medical conditions.,"Okay, I'm ready to assist you with your cardiac evaluation. Please provide me with the information requested. I will do my best to answer your questions accurately and comprehensively.",206.4885711669922,0.0,0.4800614760326727,0.2,0.2720245904130691
What is the benefit of using beta blockers in glaucoma treatment?,They can lower intraocular pressure.,"Okay, I'm ready to answer your question about the benefits of beta blockers in glaucoma treatment. 

**The benefit of beta blockers in glaucoma treatment is that they can help reduce the severity of glaucoma progression by reducing the amount of fluid that accumulates in the eye. This helps prevent further damage to the optic nerve and potentially reduces the risk of vision loss.**

**Here's what I know about beta blockers:**

*   **Mechanism of Action:** Beta blockers work by blocking the action of adrenaline, a neurotransmitter involved in regulating blood pressure and heart rate. This blockage causes the heart to pump less blood through the veins, which lowers blood pressure and reduces intraocular pressure (the pressure inside the eye).
*   **How They Work:** Beta blockers are typically taken as an oral medication or injected directly into the eye. They are generally well-tolerated by patients with glaucoma.
*   **Side Effects:** While generally safe, beta blockers can cause side effects, including:
    *   **Increased intracranial pressure (ICP):** This is a serious complication that can lead to headaches, dizziness, nausea, vomiting, and even seizures.
    *   **Nausea and Vomiting:** These can be bothersome.
    *   **Blurred Vision",193.1083221435547,0.07664663149071234,0.5596840758622735,0.9,0.5992029566430519
In which types of muscles does the troponin complex play a role in contraction?,Skeletal muscle and cardiac muscle.,"Okay, I'm ready to be your cardiovascular specialist! Let's delve into the role of the troponin complex in contractility.",55.060726165771484,0.0,0.4676531038983688,0.9,0.5470612415593475
When might surgical intervention be necessary for mitral valve prolapse?,In rare instances when there is severe mitral regurgitation.,"Okay, I'm ready to provide accurate and informative answers to your clinical questions about mitral valve prolapse. Please proceed with your questions.",449.5968017578125,0.12151540396524674,0.5729538365774209,0.2,0.33348461542401775
When does the aortic valve close in a healthy individual?,"In a healthy individual, the aortic valve closes when the pressure in the left ventricle falls below the pressure in the aorta.","Okay, I'm ready to answer your clinical questions about the aortic valve. Please provide me with the information you would like me to analyze. I will do my best to provide accurate and helpful answers based on the available information.",7.7145490646362305,0.13881516892974677,0.6380030261709091,0.1,0.322964244254313
What is the success rate of antiarrhythmic medications in controlling atrial flutter?,Medications used to restore a normal heart rhythm (antiarrhythmics) such as ibutilide effectively control atrial flutter about 80% of the time when they are started.,"Okay, I'm ready to provide you with accurate information about the success rate of antiarrhythmic medications in controlling atrial flutter. 

**Understanding Atrial Flutter:**

Atrial flutter is a common and often debilitating arrhythmia that occurs when the atria (the chambers of the heart) become contracted forcefully, leading to a rapid heartbeat. This can be caused by various factors, including:

*   **Heart conditions:** Conditions like heart failure, arrhythmias, or even certain medications.
*   **Stress:** High-stress environments, such as being in a high-pressure office or working in a demanding environment.
*   **Medications:** Certain medications, particularly those that affect the heart's electrical activity, can cause atrial flutter.
*   **Lifestyle factors:** Poor diet, lack of exercise, and smoking can contribute to atrial flutter.

**Success Rate of Antiarrhythmic Medications in Controlling Atrial Flutter:**

The success rate of antiarrhythmic medications in controlling atrial flutter varies depending on several factors, including:

*   **Type of medication:** Different types of drugs have different mechanisms of action and may have varying success rates.
*   **Individual patient characteristics:** Age, overall health status, and other medical conditions can influence the effectiveness of an",59.957759857177734,0.13319908095879363,0.7553931529099864,0.9,0.6887970773557534
What does angina due to coronary vasospasm lack on cardiac catheterization?,Evidence of atherosclerosis.,"Okay, I'm ready to provide accurate and informative answers to your clinical questions about angina due to coronary vasospasm. Please proceed with your questions.",65317.5546875,0.0,0.3700458131690797,0.2,0.2280183252676319
What is the prognosis for patients with severe aortic stenosis?,"Patients with severe aortic stenosis have a poor prognosis if left untreated, with a median survival time of about 2-3 years.","Okay, I'm ready to provide you with accurate information about the prognosis for patients with severe aortic stenosis. Please proceed with your questions.",13.324398040771484,0.5255556069952053,0.7542572340193129,0.4,0.5668140150067662
What is the main purpose of using T1-weighted imaging in the diagnosis of hypertrophic cardiomyopathy?,To identify scarring of cardiac tissues.,The main purpose of using T1-weighted imaging in the diagnosis of hypertrophic cardiomyopathy is to **detect the presence of myocardial hypertrophy** (enlargement) due to the accumulation of fat within the heart muscle.,7345.373046875,0.0,0.49150211461518234,0.4,0.356600845846073
Can Takotsubo cardiomyopathy occur without a major stressor?,"Yes, it can also appear in patients who have not experienced major stressors.","Yes, Takotsubo cardiomyopathy can occur without a major stressor.",79.8612289428711,0.17182293273431604,0.6887204831426524,0.9,0.6698527798039242
Are there gender-specific conditions associated with metabolic syndrome?,Polycystic ovarian syndrome in women and erectile dysfunction in men.,"Yes, there are gender-specific conditions associated with metabolic syndrome.",61.04270553588867,0.12190519774246013,0.48826225908917353,0.9,0.5796859431841614
What is the recommended echocardiographic view for assessing leaflet displacement in mitral valve prolapse?,Parasternal long-axis view.,"Okay, I'm ready to provide you with an echocardiographic view for assessing leaflet displacement in mitral valve prolapse. Please proceed with your question.",1934.0819091796875,0.2019278412784241,0.27873957564576823,0.1,0.19188139851399214
How does stress echocardiography assist in diagnosing microvascular angina?,By evaluating the function of the heart muscle under stress conditions.,"Okay, I'm ready to provide you with accurate and informative answers about stress echocardiography assisting in diagnosing microvascular angina. Let's start with the core information:

**Stress Echocardiography as an Aid for Diagnosis of Microvascular Angina (MVA)**

Stress echocardiography is a powerful tool that can be used to assess the coronary arteries and their function in the context of myocardial ischemia. It provides valuable insights into the underlying mechanisms of MVA, helping to identify potential causes and guide appropriate management strategies.

Here's how stress echocardiography assists in diagnosing microvascular angina:

*   **Assessment of Coronary Artery Function:** Stress echocardiography allows for a comprehensive assessment of the coronary arteries, including the left anterior descending (LAD) artery, the right anterior descending (RAD) artery, and the left anterior chamber (LAC) artery. This helps determine the extent of myocardial ischemia and the presence of other coronary artery diseases.

*   **Identifying Potential Causes of MVA:** By analyzing the flow patterns and characteristics of the coronary arteries, stress echocardiography can help pinpoint the specific cause of MVA. For example, it might reveal that the LAD artery is not adequately perfused by the heart muscle, leading to reduced blood flow to the myocardium.",111.7591781616211,0.11344942318245338,0.5079633612303209,0.7,0.505875229128619
How often is IE caused by bacteria?,Most cases of IE are due to bacteria.,"Okay, I'm ready to answer your clinical questions about the potential cause of bacterial infections. Please provide me with the information you would like me to analyze.",36.825927734375,0.0,0.528027860790909,0.2,0.29121114431636363
"Which Japanese biochemist discovered mevastatin, a molecule produced by the fungus Penicillium citrinum?","Akira Endo, a Japanese biochemist working for the pharmaceutical company Sankyo, discovered mevastatin.",The Japanese biochemist who discovered youvastatin is **Tokio Suzuki**.,17.69573974609375,0.43887755884777113,0.8417888076692515,0.4,0.5844910348372548
What limitation does the number needed to treat have regarding the applicability of rosuvastatin for preventing venous thromboembolism?,Limiting its applicability.,"Okay, I understand. I am here to provide accurate and comprehensive information about the limitations of rosuvastatin for preventing venous thromboembolism. 

**Limitations of RoSuvastatin for Preventing Venous Thromboembolism:**

While rosuvastatin is a widely used medication for managing high blood pressure and cholesterol, it has several limitations that can impact its effectiveness in preventing venous thromboembolism (VTE). These limitations stem from the drug's mechanism of action and potential side effects:

*   **Mechanism of Action:** RoSuvastatin primarily works by inhibiting the enzyme **coxibs**, which are involved in the formation of thromboxanes. This inhibition leads to the accumulation of cholesterol in the blood, which can cause plaque formation and thrombosis.

*   **Side Effects:** While generally well-tolerated, rosuvastatin can cause several side effects, including:
    *   **Increased risk of heart attack and stroke:** This is the most significant concern with rosuvastatin. The increased risk of cardiovascular events is directly linked to the blockade of the COX-1 and COX-2 enzymes.
    *   **Elevate in LDL-cholesterol:**  RoSuvastatin can raise LDL cholesterol levels, which is a major risk factor for atherosclerosis.",5743.30615234375,0.0,0.22955917579691906,0.7,0.3718236703187676
What is the mechanism of action of beta-blockers in managing heart rate in atrial fibrillation?,"They block beta-adrenergic receptors, reducing sympathetic tone and slowing heart rate.","Okay, I'm ready to answer your question about beta-blockers in managing heart rate in atrial fibrillation. 

**Mechanism of Action:**

Beta-blockers work by blocking the effects of two key neurotransmitters: **murine nitric oxide synthase (NOS)** and **cytochrome c**. These two enzymes catalyze the production of various compounds that influence heart rate and blood pressure.

*   **Murine Nitric Oxide Synthase (NOS):** NOS plays a crucial role in regulating the heart's electrical activity. It helps to maintain a stable and healthy heart rhythm by promoting the production of nitric oxide (NO), a potent vasodilator. NO can relax smooth muscle in the heart, improving its efficiency and reducing the workload on the heart.

*   **Cytochrome C:** Cytochrome C is another important molecule involved in regulating heart function. It acts as an antioxidant scavenger, protecting the heart from damage caused by free radicals. By scavenging these harmful molecules, it helps to reduce oxidative stress and inflammation within the heart.

Therefore, beta-blockers work by modulating both the NOS and cytochrome c pathways, thereby influencing heart rate and blood pressure. This modulation contributes to improved cardiac function and reduced risk of arrhythmias.

**Diagnosis:**

Beta-blockers are",61.92615509033203,0.10620183165525199,0.7541387824322143,0.2,0.40289587930393617
What is the typical age-related maximum heart rate?,The maximum heart rate based on age can be calculated roughly by subtracting patient age from 220.,"Okay, I'm ready to answer your questions about the typical age-related maximum heart rate (HR). To provide you with the most accurate information, please provide me with the following:

*   **The specific question or problem you want answered.**
*   **The relevant medical context or situation.**

I will do my best to provide clear, concise, and accurate answers based on established medical knowledge.",69.4725112915039,0.2569912316671853,0.8111874312635146,0.1,0.415873218838843
What is the role of diuretics in the treatment of heart failure?,To reduce fluid overload and alleviate symptoms such as shortness of breath and swelling in the legs.,"Okay, I'm ready to provide accurate and informative answers to your clinical questions about diuretics. Please proceed with your questions.",31.920318603515625,0.0,0.3157831070161066,0.2,0.20631324280644267
How is SVT typically diagnosed?,"Diagnosis is typically by electrocardiogram (ECG), Holter monitor, or event monitor.","Okay, I'm ready to provide you with accurate information about SVT (Systolic Blood Pressure) diagnosis. Please tell me what you would like to know.",106.598388671875,0.11598996588936616,0.4437525690147103,0.8,0.5206990207837574
What does an evidence-based BMJ Rapid Recommendation make regarding transapical TAVI in people who are also candidates for either transfemoral TAVI or surgery?,A strong recommendation against transapical TAVI.,"Okay, I understand. I am ready to provide accurate and informative answers to your clinical questions about transapical TAVI in individuals who are also candidates for either transfemoral TAVI or surgery. Please proceed with your questions.",36.81421661376953,0.2510487486817922,0.8166476856618858,0.2,0.45686882400111284
What is the purpose of comparing CABG's efficacy with PCI?,To determine which treatment is more effective for specific patient subgroups.,"Okay, I understand. I am ready to answer your clinical questions accurately and comprehensively. Please provide me with any questions you have about cardiology.",23.26568603515625,0.0,0.37617048207195586,0.2,0.23046819282878236
How does Brugada syndrome affect the heart's electrical system?,"Brugada syndrome affects the heart's electrical system, causing abnormal heart rhythms that can lead to fainting or sudden cardiac death.","Okay, I understand. I am ready to answer your clinical questions about Brugada Syndrome. Please provide me with the information you would like me to analyze. I will do my best to provide accurate and helpful answers based on the available information.",5.624696731567383,0.13694232530673972,0.6714372370780807,0.2,0.37596335989258023
What does HEMORR2HAGES stand for?,"HEMORR2HAGES stands for Hemorrhagic transformation, Etiology, Medication, End-organ damage, Renal dysfunction, Rebleeding, History of bleeding, Age, Gender, and Gastrointestinal comorbidity.","Okay, I'm ready to answer your clinical questions about HEMORR2HAGES. Please provide me with the information you would like me to analyze.",36.47609329223633,0.09212987255067215,0.8136231346521579,0.1,0.38387522837099763
Was it previously thought that the prognosis for diastolic dysfunction was better than systolic dysfunction?,"Until recently, it was generally assumed that the prognosis for individuals with diastolic dysfunction and associated intermittent pulmonary edema was better than those with systolic dysfunction.","Yes, it has been previously thought that the prognosis for diastolic dysfunction was better than systolic dysfunction.",43.22688293457031,0.496488194542255,0.8481620600731714,0.9,0.7985624629377197
What does digoxin do in the context of CHD treatment?,It strengthens the contraction of the heart and slows the heartbeat.,"Okay, I'm ready to answer your clinical questions about digoxin. Please provide me with the information you would like me to analyze. I will do my best to provide accurate and helpful answers based on the available information.",322.79443359375,0.0,0.2522750385035154,0.2,0.18091001540140617
What is the relationship between statins and primary prevention?,Statins are widely used for primary prevention in people at high risk of cardiovascular disease.,"Okay, I'm ready to provide you with accurate information about the relationship between statins and primary prevention. 

To answer this question effectively, I need some context. Please tell me:

*   **What specific type of statin are you referring to?** (e.g., atorvastatin, simvastatin, flutamide, etc.)
*   **What is your current diagnosis or condition?** (e.g., heart disease, high cholesterol, diabetes, etc.)
*   **What is your current treatment plan?** (e.g., medication, lifestyle changes, therapy)
*   **What are your specific concerns or questions regarding the relationship between statins and primary prevention?**

Once I have this information, I can provide you with a clear and concise explanation of the relationship between statins and primary prevention.",12.579754829406738,0.22279649884382896,0.866065301297086,0.3,0.5109854202876002
What is the primary reason for the development of pulmonary hypertension in patients with large atrial septal defects?,Chronic right-to-left shunting leading to overcirculation of the pulmonary vasculature.,The primary reason for the development of pulmonary hypertension in patients with large atrial septal defects is **a genetic predisposition to the disease**.,145.7756805419922,0.07586123768389326,0.4229052602010923,0.2,0.26433435161721563
What does right heart catheterization measure in the context of pulmonary hypertension?,It measures pulmonary artery pressure and assesses the pulmonary vascular resistance.,"Okay, I'm ready to provide accurate and informative answers to your clinical questions about right heart catheterization. Please proceed with your questions.",19.55961799621582,0.0,0.36714698908385357,0.1,0.18685879563354144
What is the expected outcome of effective treatment for heart failure?,"Reduced symptoms, improved exercise tolerance, and reduced risk of complications.","Okay, I'm ready to provide you with accurate information about the expected outcome of effective treatment for heart failure. To give you the most relevant answer, please tell me what specific question you have. 

For example, you could ask:

*   ""What is the expected outcome of effective treatment for heart failure?""
*   ""What are the typical treatment guidelines for heart failure?""
*   ""What is the pathophysiology of heart failure?""

Once I understand your question better, I can provide a detailed and accurate answer.",38.79166030883789,0.0,0.3023618288737481,0.1,0.16094473154949923
What is the first step in diagnosing atrial fibrillation?,Performing an electrocardiogram (ECG/EKG).,The first step in diagnosing atrial fibrillation is to **assess for the presence of atrial fibrillation** within the patient's heart rhythm.,25.40311050415039,0.0,0.4287726777204714,0.4,0.3315090710881886
What is a common application of diuretics in sports?,A common application of diuretics is for the purposes of invalidating drug tests.,"Okay, I'm ready to answer your clinical question about diuretics in sports.",640.2344360351562,0.18094872115048447,0.7340150286587903,0.7,0.609795755693613
Which parts of the heart are most commonly affected in HCM?,The interventricular septum and the ventricles.,"Okay, I'm ready to be your cardiovascular specialist! Please tell me what you would like me to answer about the heart. I will do my best to provide accurate and helpful information based on my knowledge of cardiac conditions.",510.8358154296875,0.0,0.30745708016297835,0.2,0.20298283206519135
What are some common risk factors for developing atherosclerosis?,"Common risk factors include hypertension, hyperlipidemia, smoking, diabetes mellitus, obesity, and genetic predisposition.","Okay, I'm ready to be your cardiovascular health expert! Let's delve into the common risk factors for developing atherosclerosis. 

To provide you with accurate information, I need to know what you're interested in. Please tell me more about your specific concerns or questions. For example:

*   **Are you concerned about the risk of plaque buildup in arteries?**
*   **Do you have any specific symptoms that might indicate an increased risk of atherosclerosis?**
*   **Are you looking for information on the causes of atherosclerosis?**
*   **Are you asking about the impact of lifestyle factors on the risk of atherosclerosis?**

Once I understand your situation better, I can offer tailored advice and guidance.",23.567630767822266,0.12384107505905252,0.6347488473243874,0.2,0.3586677539415655
What initiates the electrical signal in the heart's conduction system?,The SA node located in the upper portion of the right atrium.,"Okay, I understand. I am ready to answer your clinical questions accurately and comprehensively. Please provide me with the information you would like me to analyze.",165.25765991210938,0.0,0.21045820373368895,0.2,0.1641832814934756
What ECG finding is associated with abnormalities of ventricular muscle repolarization?,QT prolongation is associated with abnormalities of ventricular muscle repolarization.,"Okay, I'm ready to provide accurate and informative answers to your clinical questions about ECG findings. Please proceed.",5.9197235107421875,0.0,0.40234774285427943,0.2,0.2409390971417118
What are the legal implications for workers' compensation claims involving myocardial infarction?,A heart attack may be considered a work-related injury if it results from unusual emotional stress or unusual exertion.,"Okay, I understand. I am ready to answer your clinical questions about cardiac injuries and their legal implications. Please provide me with the information you would like me to analyze.",34.681644439697266,0.0,0.5230748622414152,0.2,0.2892299448965661
Is inotropic support commonly used in restrictive cardiomyopathy?,"No, because contractility is usually normal.","Yes, inotropic support is commonly used in restrictive cardiomyopathy.",2471.48486328125,0.0,0.37274519070002143,0.8,0.46909807628000866
How might blood viscosity be affected in cor pulmonale?,Blood viscosity can be increased in cor pulmonale.,"Okay, I'm ready to provide accurate and informative answers to your clinical questions about blood viscosity in cor pulmonale. Please proceed with your questions.",23.16102409362793,0.4894496946582,0.9211037403006929,0.2,0.5463314350519172
What is the diagnostic criterion for Wolff-Parkinson-White syndrome based on ECG findings?,"The presence of an extra conduction pathway, typically evidenced by the delta wave in the QRS complex on an ECG.","Okay, I'm ready to answer your clinical question about Wolff-Parkinson-White Syndrome (WPWS). Please provide me with the information you would like me to analyze.",88.55506134033203,0.0,0.2759461160661006,0.2,0.19037844642644025
What is the significance of third-degree AV block?,It indicates a more severe underlying condition compared to other types of AV block.,"Okay, I'm ready to answer your clinical questions about the significance of third-degree AV block. Please provide me with the information you would like me to analyze.",51.51610565185547,0.10226487106906218,0.7623769084314809,0.1,0.36540373758640476
Can tricyclic antidepressants be used concurrently with nitrovasodilators?,"Yes, but they can contribute to low blood pressure.","Yes, tricyclic antidepressants can be used concurrently with nitrovasodilators.",135.2496795654297,0.0,0.3862445792519626,0.8,0.4744978317007851
How does arrhythmia contribute to heart failure?,By disrupting the normal pumping function of the heart.,"Okay, I'm ready to provide accurate and informative answers to your clinical questions about arrhythmias. Please proceed with your questions. I will do my best to answer them clearly and concisely.",316.48974609375,0.0,0.3713872035028249,0.1,0.18855488140112997
What treatment might be used for myocarditis caused by an autoimmune condition?,Corticosteroids or other immunosuppressive drugs.,"Okay, I'm ready to provide you with accurate information about myocarditis caused by an autoimmune condition. Please proceed with your questions. I will do my best to answer them clearly and concisely.",94.74909973144531,0.0,0.32665365470677454,0.1,0.17066146188270984
What does the term 'preserved ejection fraction' refer to in HFpEF?,"In HFpEF, the ejection fraction is preserved.","The term ""preserved ejection fraction"" refers to the percentage of blood volume that has been removed from the heart during ventricular contraction (ventricular fibrillation or ventricular tachycardia). It is a crucial indicator of the heart's ability to pump blood effectively and maintain a stable rhythm.",19.343175888061523,0.26426759442063735,0.6833469075688134,0.2,0.4061922819116529
What is the gold standard for measuring ejection fraction?,Cardiac magnetic resonance (CMR) is the clinical 'gold standard' for measuring ejection fraction.,"Okay, I'm ready to answer your clinical questions about ejection fraction. Please provide me with the information you would like me to analyze.",30.667274475097656,0.3311907776309012,0.5493790435582834,0.4,0.44598977294949366
Does PCI affect the need for other interventions in patients with acute coronary syndromes?,Guidelines and best practices are constantly evolving regarding the impact of PCI on the need for other interventions in patients with acute coronary syndromes.,"Yes, PCI (Percutaneous Coronary Invasive Procedure) significantly affects the need for other interventions in patients with acute coronary syndromes. 

Here's why:

*   **Improved Outcomes:** PCI offers a more precise and less invasive approach to managing coronary artery disease compared to traditional angioplasty or stenting. This leads to improved outcomes, including reduced morbidity and mortality, lower hospitalizations, and faster recovery times.
*   **Reduced Risk of Complications:** The procedure minimizes the risk of complications such as bleeding, infection, and nerve damage.
*   **Enhanced Quality of Life:** Improved outcomes contribute to a better quality of life for patients and their families.
*   **Better Management of Underlying Conditions:** PCI can be used to manage underlying conditions like heart failure, asthma, and COPD, which can worsen the condition and require more intensive management.

In summary, PCI is a valuable tool for improving patient outcomes and enhancing the overall quality of care in patients with acute coronary syndromes.",7.65691614151001,0.21249758642266936,0.8258923659586224,0.9,0.7328564636679828
What is the term used to describe angina that worsens over time?,Worsening angina attacks.,Angina worsens over time.,446.1822814941406,0.32659102582652605,0.9043486382607465,0.8,0.747057660469604
What is cardiac catheterization?,Cardiac catheterization is the insertion of a catheter into a chamber or vessel of the heart for diagnostic and interventional purposes.,"Okay, I'm ready to answer your questions about cardiac catheterization. Please ask away! I will do my best to provide accurate and helpful information based on the available data.",22.30025291442871,0.17802876863125472,0.6695674753654163,0.2,0.3834327438724175
What is a potential consequence of ischemia in the heart?,Abnormal heart rhythms called arrhythmias—the heart beating either too slowly or too quickly.,"Okay, I'm ready to answer your clinical question about the potential consequence of ischemia in the heart. Please provide me with the information you would like me to analyze.",183.23599243164062,0.05595432820148391,0.32534750428857695,0.1,0.18132986735572756
What does the AHA/ACC/HFSA define as heart failure?,Symptoms and signs consistent with heart failure in combination with shown structural and functional alterations of the heart as the underlying cause for the clinical presentation.,"Okay, I'm ready to answer your questions about heart failure. Please provide me with the information you would like me to analyze. I will do my best to provide accurate and helpful answers based on the available data.",222.20782470703125,0.15812738560237596,0.6449600107243021,0.2,0.36960948141019606
What unique feature does TNNI3 have compared to other TnI genes in humans and tetrapods?,TNNI3 has an N-terminal extension.,"Okay, I'm ready to answer your clinical question about the unique feature of TNNI3 compared to other TnI genes in humans and tetrapods.",57.98802185058594,0.2080418779589809,0.5096630619311817,0.9,0.6054736003642689
How did the left atrium diameter differ between football players with and without mitral regurgitation?,Athletes with mitral regurgitation had larger left atrium diameter.,"Okay, I'm ready to answer your clinical questions about the left atrium diameter difference between football players with and without mitral regurgitation. Please provide me with the information you would like me to analyze.",48.070560455322266,0.49888155964951786,0.862657885656506,0.8,0.7648394661925061
What process besides cholesterol production is inhibited by HMG-CoA reductase?,"HMG-CoA reductase is also involved in other processes, such as CoQ10 production.","Okay, I'm ready to provide accurate and informative answers to your clinical questions about HMG-CoA reductase. Please proceed with your questions.",21.991470336914062,0.16068237542325792,0.731967703242625,0.2,0.4049235563817016
"According to the AHA, which risk factors indicate medium risk for coronary heart disease?","Smoking, family history of coronary artery stenosis, hypertension, diabetes, and high cholesterol.","Okay, I'm ready to answer your clinical questions about coronary heart disease. Please provide me with the information you would like me to analyze.",59.45214080810547,0.09173247281199876,0.5691340002477877,0.1,0.2860000946615149
What are the typical symptoms experienced when arrhythmias occur in LQTS patients?,"If the arrhythmia reverts to a normal rhythm spontaneously, the affected person may experience lightheadedness (presyncope) or faint. A fluttering sensation in the chest may precede fainting.","Okay, I'm ready to provide accurate and detailed information about the typical symptoms of arrhythmias in LQTS patients. Please proceed with your questions.",153.48211669921875,0.0,0.5482065490455859,0.2,0.2992826196182344
How much mortality reduction was associated with ACE inhibitors according to the meta-analysis?,"10% mortality reduction (HR 0.90; 95% CI, 0.84–0.97; P=0.004).","Okay, I'm ready to answer your question about the association of ACE inhibitors with mortality reduction. Please provide me with the information you would like me to analyze.",39.37479019165039,0.356507623981582,0.5584609381806197,0.3,0.41468590006856426
How does dilated cardiomyopathy typically develop?,"Dilated cardiomyopathy develops insidiously, meaning it progresses gradually and may not initially cause symptoms significant enough to impact on quality of life.","Okay, I'm ready to answer your clinical questions about dilated cardiomyopathy. Please provide me with the information you would like me to analyze. I will do my best to provide accurate and helpful answers based on established medical knowledge.",32.02320098876953,0.1374553543335887,0.783168231250237,0.2,0.4207583633668126
What is an implantable cardioverter-defibrillator (ICD)?,"An implantable cardioverter-defibrillator (ICD) or automated implantable cardioverter defibrillator (AICD) is a device implantable inside the body, able to perform defibrillation, and depending on the type, cardioversion and pacing of the heart.","Okay, I'm ready to answer your clinical questions about ICD. Please provide me with the information you would like me to analyze. I will do my best to provide accurate and helpful answers based on the available information.",21.01381492614746,0.0,0.517784839370568,0.2,0.2871139357482272
What is another term for a myocardial infarction?,A myocardial infarction is also commonly known as a heart attack.,A myocardial infarction (MI) is a serious heart problem that results from a blockage of blood flow to the heart muscle.,13.760997772216797,0.31485042414316505,0.7195783720304314,0.4,0.5108014336408057
What is the risk of death for LQTS patients with proper treatment?,"With proper treatment, this decreases to less than 1% over 20 years.","Okay, I'm ready to provide you with accurate information about the risk of death for individuals with Type 2 Diabetes (T2D) who receive appropriate treatment. Please proceed with your questions.",39.546241760253906,0.1516487463167588,0.42065601575269695,0.1,0.23859215556443056
Can nitrovasodilators be used in all types of shock?,"No, they are contraindicated in shock, including cardiogenic shock.","Yes, nitrovasodilators can be used in all types of shock.",304.7548522949219,0.2283910938004361,0.5998650254395955,0.9,0.6456242289359255
What is the treatment for first-degree AV block?,No specific treatment is usually required.,"Okay, I'm ready to assist you with your question about the treatment for first-degree AV block. To provide the most accurate answer, please tell me more about what you're looking for. 

For example, do you have any specific questions about:

*   **The diagnosis:** What is the exact cause of the AV block?
*   **The symptoms:** How does the AV block affect your heart function?
*   **The potential complications:** What are the risks associated with this condition?
*   **The treatment options:** What are the available treatments?
*   **The underlying causes:** Are there any other conditions that might be contributing to the AV block?
*   **The prognosis:** What is the expected outcome of treatment?

Once I understand your needs better, I can provide you with a tailored response.",213.792724609375,0.08772456782195744,0.3967289088359442,0.1,0.21623647709876917
What management options are available for LQTS patients?,"Management may include avoiding strenuous exercise, getting sufficient potassium in the diet, the use of beta blockers, or an implantable cardiac defibrillator.","Okay, I'm ready to be your comprehensive cardiology expert! Let's begin with some common management options for individuals with LQTS (Lactose Intolerance Syndrome). Please answer as thoroughly as possible. I will focus on the diagnosis, treatment, and pathophysiology of each option.",140.9844970703125,0.0767718491626445,0.4859679700713081,0.1,0.24974155786105215
What is the pathophysiology behind the development of supraventricular tachycardia in WPW syndrome?,Reentry loop involving both the atrioventricular node and the accessory pathway.,"Okay, I'm ready to answer your clinical question about the pathophysiology of supraventricular tachycardia (SWT) in WPW syndrome. Please provide me with the information you would like me to analyze.",786.8941040039062,0.0,0.36486443723140843,0.2,0.2259457748925634
What is third-degree AV block also known as?,Third-degree AV block is also known as complete heart block.,Third-degree AV block is a condition characterized by the **absence of the AV node (the part of the heart that pumps blood to the brain)**. It's a serious condition that can lead to significant morbidity and mortality.,7.6596879959106445,0.3314571124235785,0.9133472643729583,0.4,0.591630328233899
What were the four key features described by Fallot that differentiate Tetralogy of Fallot from other cyanotic cardiac conditions?,"Stenosis of the pulmonary artery, overriding aorta, right ventricular hypertrophy, and a ventricular septal defect","Okay, I understand. I am ready to answer your clinical questions accurately and comprehensively. Please provide me with the information you would like me to analyze.",39.505340576171875,0.0,0.1484532810300991,0.1,0.09938131241203965
What is the difference between systolic and diastolic blood pressure?,"Systolic blood pressure is the top number representing the pressure in arteries during contraction of the heart, while diastolic blood pressure is the bottom number representing the pressure in arteries during relaxation of the heart.","Okay, I'm ready to answer your questions about blood pressure. Please ask away!",8.53676986694336,0.17338466422451587,0.5702636384760936,0.1,0.30278238823534065
What is considered a severe form of angina?,"Worsening angina attacks, sudden-onset angina at rest, and angina lasting more than 15 minutes.","Okay, I'm ready to answer your clinical question about a severe form of angina. Please provide me with the information you would like me to analyze.",54.82012939453125,0.1109892318755945,0.6686936391369841,0.2,0.36967530202991256
Can blood levels of cardiac troponin be used to diagnose stroke?,"Yes, but with low sensitivity.","Yes, blood levels of cardiac troponin can be used to diagnose stroke.",278.3157043457031,0.0,0.2964976369434131,0.8,0.43859905477736527
Why is provocative testing not routinely performed in the clinical setting?,The reason for this is due to the adverse effects of these pharmacological agents.,"Okay, I'm ready to provide accurate and informative answers to your clinical questions about provocative testing. Please proceed with your questions.",94.78316497802734,0.0,0.20678897541409139,0.2,0.16271559016563658
How does the use of anticoagulants before cardiac catheterization affect the risk of bleeding?,Anticoagulants increase the risk of bleeding during and after the procedure.,"Okay, I'm ready to provide accurate and informative answers to your clinical questions about anticoagulants before cardiac catheterization. Please proceed with your questions.",47.90299606323242,0.1453127042530132,0.678041424605984,0.2,0.3802791106929963
Can pulmonary hypertension present with coughing up of blood?,"Yes, coughing up of blood may occur in some patients, particularly those with specific subtypes of pulmonary hypertension such as heritable pulmonary arterial hypertension, Eisenmenger syndrome, and chronic thromboembolic pulmonary hypertension.","Yes, pulmonary hypertension (PH) can present with coughing up of blood.",46.59775161743164,0.35856189259439414,0.9463363724113352,0.9,0.810246927483413
Who endorses the ESC and ERS guidelines for pulmonary hypertension?,The International Society for Heart and Lung Transplantation.,"Okay, I'm ready to answer your questions about pulmonary hypertension. Please provide me with the information you would like me to analyze.",428.33294677734375,0.0,0.42862415852801056,0.1,0.21144966341120425
In whom might the risk of bleeding during anticoagulant therapy be particularly high?,"The risk of bleeding during anticoagulant therapy might be particularly high in individuals who have had recent surgery, cerebral aneurysms, and other conditions.","Okay, I'm ready to provide accurate and informative answers to your clinical questions about anticoagulation therapy. Please proceed with your questions.",15.935117721557617,0.08715290488804685,0.6905370439505548,0.2,0.3736453985578313
How does electrolyte imbalance contribute to long QT syndrome?,"Electrolyte imbalances, particularly low potassium or magnesium levels, can prolong the QT interval.","Okay, I'm ready to answer your clinical questions about electrolyte imbalances contributing to long QT syndrome. Please provide me with the information you would like me to analyze. I will do my best to provide accurate and helpful answers based on established medical knowledge.",34.848731994628906,0.17928937144055612,0.7975083191422809,0.2,0.43486120194502365
What aspect of blood flow to the lungs can be observed on a chest X-ray?,The appearance of blood flow to the lungs.,"Okay, I'm ready to answer your questions about blood flow to the lungs. Please provide me with the information you would like me to analyze.",39.09993362426758,0.4432352748635707,0.7987743983661866,0.1,0.44815681431918875
What is the distinguishing feature of antidromic AVRT on ECG?,Antidromic AVRT is characterized by a wide QRS complex (>120 ms) due to the involvement of an accessory pathway.,"The distinguishing feature of antidromic AVRT on ECG is its **presence of a characteristic, often subtle, pattern of electrical activity** that is not present in the normal AV nodal conduction system. This pattern can be indicative of a specific type of arrhythmia or a more complex underlying condition.",18.781646728515625,0.21928926745541197,0.7373079714124142,0.4,0.4987810420560481
How is infective endocarditis diagnosed?,Diagnosis is suspected based on symptoms and supported by blood cultures or ultrasound of the heart.,"Okay, I'm ready to answer your clinical questions about infectious endocarditis. Please provide me with the information you would like me to analyze. I will do my best to provide accurate and helpful answers based on established medical knowledge.",296.0728759765625,0.09720324606431491,0.5440833368300897,0.2,0.3170739839448989
What is the potential risk of using traditional Chinese herbal products (THCP) for angina?,"Evidence does not support their use, and they may pose risks.","Okay, I'm ready to provide you with accurate information about the potential risks associated with traditional Chinese herbal products (THCPs) for angina. 

**Understanding THCPs for Angina:**

Traditional Chinese herbal products (THCPs) are often used as part of a comprehensive cardiovascular management strategy. They can be beneficial for managing symptoms of angina, but it's crucial to understand their potential risks and benefits before considering them for use.

**Potential Risks Associated with Traditional Chinese Herbal Products (THCPs) for Angina:**

While generally considered safe, some THCPs have been linked to adverse effects or side effects that could potentially contribute to angina. These include:

*   **Increased Risk of Heart Attack/Stroke:** Some studies suggest that certain THCPs may increase the risk of heart attacks or strokes, particularly in individuals with pre-existing cardiovascular conditions. This is because these herbs might interact with existing medications or affect blood pressure regulation.
*   **Increased Risk of Coronary Artery Formation:** Certain THCPs can promote the formation of new coronary arteries, which can increase the risk of heart disease.
*   **Possible Interactions with Medications:** THCPs can interact with various medications, including those used to treat high cholesterol,",194.10360717773438,0.07696380312713405,0.3193425374214155,0.3,0.263129775593993
Can troponin be used to diagnose myocarditis?,"Yes, as part of the diagnostic criteria.","Yes, troponin is a commonly used test for myocardial infarction (heart attack). It's a marker of the heart muscle's ability to contract properly during an event like a heart attack.",30.53541374206543,0.0,0.42240311982382656,0.5,0.36896124792953067
What is the effect of ACE inhibitors on the vasculature?,They can reduce vascular resistance.,"Okay, I'm ready to answer your clinical question about the effect of ACE inhibitors on the vasculature. Please provide me with the information you would like me to analyze.",393.67340087890625,0.0,0.49693383604967484,0.2,0.27877353441986996
"According to the guidelines, what is the role of stenting in the context of coronary artery bypass surgery?","Stenting may be used as an adjunct to coronary artery bypass surgery in certain cases, such as for small vessel disease or as a bridge to definitive surgery.","Okay, I'm ready to answer your clinical question about the role of stenting in coronary artery bypass surgery (CAB). Please provide me with the information you would like me to analyze.",23.769657135009766,0.36188721231060433,0.820549881084468,0.1,0.4405973948959081
What is the most common symptom of Brugada syndrome?,Syncope or sudden cardiac death.,The most common symptom of Brugada syndrome is **sudden and severe shortness of breath (dyspnea)**.,112.114013671875,0.1273097659182115,0.4007214207517603,0.4,0.3457505214843465
Did the team receive financial support for their research?,"No, they faced a lack of financial backing and grants.","Yes, the team received financial support for their research.",3161.8037109375,0.22585760224708856,0.6291331962661662,0.9,0.6568247989558842
How prevalent is idiopathic ventricular fibrillation in ventricular fibrillation resuscitations in patients under the age of 40?,Idiopathic ventricular fibrillation accounts for 14% of all ventricular fibrillation resuscitations in patients under the age of 40.,"Okay, I'm ready to answer your clinical question about the prevalence of idiopathic ventricular fibrillation (IVF) in patients under the age of 40.",3.9512455463409424,0.613038870301654,0.7583858174800013,0.9,0.7859621010523314
Is defibrillation necessary in all cases of ventricular tachycardia?,"Not always, depending on the duration and severity of the episode, other treatments may be sufficient.","Yes, defibrillation is generally considered necessary in all cases of ventricular tachycardia (VT).",56.39889907836914,0.0,0.4315861871069284,0.7,0.45263447484277136
What does an ECG typically indicate in patients with aortic regurgitation?,Left ventricular hypertrophy.,"Okay, I'm ready to provide accurate and informative answers to your clinical questions about aortic regurgitation. Please proceed with your questions.",584.11572265625,0.0,0.365777548914104,0.1,0.1863110195656416
"What might be observed in a patient with a small, asymptomatic VSD?",No need for intervention.,"Okay, I'm ready to assist you with your clinical question. Please provide me with the information requested. I will do my best to answer accurately and comprehensively based on the available information.",7840.958984375,0.0,0.35199888403144863,0.1,0.18079955361257946
What are the common symptoms of aortic dissection?,"Common symptoms include a sudden onset of agonizing chest or back pain, often described as 'tearing' in character, vomiting, sweating, and lightheadedness.","Okay, I'm ready to provide you with accurate information about aortic dissection. Please proceed with your questions. I will do my best to answer them clearly and concisely.",87.78684997558594,0.0,0.22678180153354166,0.2,0.1707127206134167
How is Long QT Syndrome typically diagnosed?,"LQTS can be diagnosed using an electrocardiogram (EKG) if a corrected QT interval of greater than 450–500 milliseconds is found, but clinical findings, other EKG features, and genetic testing may confirm the diagnosis with shorter QT intervals.","Okay, I'm ready to answer your questions about Long QT Syndrome (LQTS). Please provide me with the information you would like me to analyze. I will do my best to provide accurate and helpful answers based on established medical knowledge.",75.90684509277344,0.09733043546272467,0.6509194214748323,0.2,0.3598338556824779
What causes obstructive shock in massive pulmonary embolism?,"Obstructive shock in massive pulmonary embolism is caused by sustained low blood pressure, slowed heart rate, or pulselessness.","Okay, I'm ready to answer your clinical question about obstructive shock in massive pulmonary embolism (MPE). Please provide me with the information you would like me to analyze.",16.953060150146484,0.4256637417635629,0.74244191556053,0.1,0.4221095145769246
What role does interleukin 17 play in hypertension?,"It has garnered interest for its role in increasing the production of several other immune system chemical signals thought to be involved in hypertension such as tumor necrosis factor alpha, interleukin 1, interleukin 6, and interleukin 8.","Okay, I'm ready to answer your clinical questions about hypertension. Please provide me with the information you would like me to analyze. I will do my best to provide accurate and helpful answers based on established medical knowledge.",114.17539978027344,0.053223614989904584,0.41238583279799684,0.2,0.2555990561171797
What do beta blockers act as?,\u03b2-adrenergic receptor antagonists.,"Okay, I'm ready to answer your clinical questions about beta blockers. Please provide me with the information you would like me to analyze. I will do my best to provide accurate and helpful answers based on the available information.",2374.1044921875,0.0,0.29895546474677714,0.1,0.15958218589871087
What are the diagnostic criteria for heart failure according to the National Institute for Health and Care Excellence in the UK?,Measuring N-terminal pro-BNP (NT-proBNP) followed by an ultrasound of the heart if positive.,"Okay, I'm ready to provide accurate and detailed information about heart failure diagnosis and treatment based on the National Institute for Health and Care Excellence (NICE) guidelines. Please ask me anything!",521.728271484375,0.06089695742444382,0.37541205656694193,0.2,0.24234421411166557
Which organization published an official scientific statement advocating for V̇O2 max to be categorized as a clinical vital sign?,American Heart Association,The organization that published an official scientific statement advocating for V̇O2 max to be categorized as a clinical vital sign is the **American Heart Association (AHA)**.,432.08160400390625,0.5560590945872629,0.6376598917029083,0.9,0.726275775598616
Why might a patient with heart failure also receive mineralocorticoid receptor antagonists?,To reduce sodium and water retention and improve renal function.,"Okay, I'm ready to answer your questions about mineralocorticoid receptor antagonists. Please provide me with the information you would like me to analyze. I will do my best to provide accurate and helpful answers based on established medical knowledge.",187.0283660888672,0.0,0.31303361207301317,0.2,0.20521344482920528
What might a child with cyanosis suggest?,It could be a sign of a congenital heart defect.,"Okay, I'm ready to help you answer your questions about a child with cyanosis. To give you the most accurate information, please tell me more about the child. 

For example, can you describe the specific symptoms of cyanosis? Are they:

*   **Mild:** (e.g., pale skin, slight bluish discoloration)
*   **Moderate:** (e.g., slightly elevated heart rate, shortness of breath)
*   **Severe:** (e.g., rapid heartbeat, difficulty breathing, severe headache)

Also, what is the age range of the child?

Once I have this information, I will be able to provide you with relevant information about the possible causes of cyanosis and appropriate treatment options.",9.803081512451172,0.02448740293392829,0.2413432614595836,0.1,0.1414347851706191
Do rates of PE increase with age?,They become more common as people get older.,"Yes, the rates of PE (Pelvic Exam) increase with age.",133.04507446289062,0.0,0.49384812673489975,0.9,0.5575392506939599
What are the causes of Group II pulmonary hypertension secondary to left heart disease?,"Causes include left ventricular systolic dysfunction, left ventricular diastolic dysfunction, valvular heart disease, congenital or acquired left heart inflow/outflow tract obstruction, congenital or acquired pulmonary venous stenosis.","Okay, I'm ready to provide accurate and informative answers to your clinical questions about Group II pulmonary hypertension (GIIPH) secondary to left heart disease. Please proceed with your questions.",160.34957885742188,0.20830721500420035,0.4521352355062952,0.1,0.2625155372033582
What is the re-entry mechanism in the context of long QT syndrome?,"According to this model, the action potential prolongation occurs to a variable extent in different layers of the heart muscle, with longer action potentials in some layers than others.","Okay, I'm ready to answer your clinical question about the re-entry mechanism in the context of long QT syndrome. 

**Please provide me with the information you would like me to analyze.** I will do my best to provide accurate and helpful answers based on the available information.",123.76671600341797,0.03725470969146284,0.3850967526801483,0.1,0.2014896430103519
Which class of medications is preferred for angina treatment?,"Beta blockers, specifically B1 adrenergic blockers without intrinsic sympathomimetic activity.","Okay, I'm ready to provide accurate and informative answers to your clinical questions about angina treatment. Please proceed with your questions.",842.8907470703125,0.0,0.21543780273556382,0.2,0.16617512109422555
What are some pro-inflammatory cytokines that can stimulate BNP synthesis?,"Interleukin-1β, interleukin-6, and tumor necrosis factor-α are pro-inflammatory cytokines that can stimulate BNP synthesis.","Okay, I'm ready to provide you with information about pro-inflammatory cytokines that can stimulate BNP synthesis. 

**Pro-Inflammatory Cytokines That Stimulate BNP Synthesis:**

While the specific mechanisms by which these cytokines influence BNP synthesis are still under investigation, several pro-inflammatory cytokines have been implicated in the development of various neurological disorders. These cytokines often act as signaling molecules that modulate neuronal activity and contribute to the generation of BNP.

Here are some examples of pro-inflammatory cytokines that can stimulate BNP synthesis:

*   **TNF-α (Tumor Necrosis Factor alpha):** This cytokine is a key player in the inflammatory response. It plays a role in the activation of microglia and astrocytes, which are crucial for clearing metabolic waste products and maintaining immune homeostasis. Pro-inflammatory TNF-α can promote the production of BNP, which is a key component of the inflammatory cascade.

*   **IL-1β (Interleukin-1β):** IL-1β is a potent pro-inflammatory cytokine that promotes the production of BNP. It can activate microglia and astrocytes, leading to increased neuronal activity and the release of inflammatory mediators.

*   **IL-6 (Interleukin-6):** IL-6 is another pro-inflammatory cytokine",5.739736080169678,0.3208057573354968,0.8761718817218274,0.9,0.7746299041558304
What is the association between statin effect size and LDL cholesterol reduction?,"The association between statin effect size and LDL cholesterol reduction was unclear, and there was significant clinical and statistical heterogeneity between trials.","Okay, I'm ready to answer your clinical question about the association between statin effect size and LDL cholesterol reduction. Please provide me with the information you would like me to analyze.",23.252803802490234,0.5740752463327446,0.909657929407998,0.2,0.5586782210297482
What are SVTs generally considered to be in terms of severity?,Most SVTs are unpleasant rather than life-threatening.,"Okay, I'm ready to provide you with accurate information about SVTs (Severely Symptomatic Thrombotic).

**SVTs are typically classified as:**

*   **Acute or Mild SVTs:** These are the most common type of SVT. They occur when the heart is unable to pump enough blood to meet the body's needs. Symptoms can range from mild discomfort to severe heart failure.

*   **Moderate SVTs:** These are more serious than acute SVTs. They often involve significant heart failure, including:
    *   **Heart Failure:** This is the most common cause. It can lead to shortness of breath, fatigue, edema, and other complications.
    *   **Heart Failure Syndromes:** These include conditions like heart failure, heart failure-associated hypertension, heart failure-induced cardiomyopathy, and heart failure-related arrhythmias.
    *   **Heart Failure Syndrome:** This is a more complex condition that can affect multiple organs and systems.

*   **Severe SVTs:** These are life-threatening and require immediate intervention. They can result from:
    *   **Heart Failure:** This is the most common cause.
    *   **Heart Failure-Associated Hypertension:** This is a condition where high blood pressure is",55.0821533203125,0.14194549954916658,0.5952898044686288,0.2,0.34650502169728487
What does the presence of fatty streaks in the coronary arteries indicate?,Early stage of atherosclerosis.,"Okay, I'm ready to provide accurate and informative answers to your clinical questions about fatty streaks in the coronary arteries. Please proceed with your questions.",434.6300964355469,0.0,0.5638770290074097,0.1,0.2655508116029639
What is the gender distribution of microvascular angina?,"Females are more likely than males to have it; however, hormones and other risk factors unique to females may play a role.","Okay, I'm ready to answer your clinical question about the gender distribution of microvascular angina. 

To provide you with accurate information, please provide me with the following:

*   **The specific question or problem you want answered.**
*   **The relevant clinical context (e.g., patient history, symptoms, lab results).**
*   **The desired level of detail.**

Once I have this information, I will do my best to provide you with a clear and concise answer based on established medical knowledge.",55.69085693359375,0.04483073701716823,0.5291710834382727,0.1,0.26063458077874274
What are the symptoms commonly associated with severe aortic regurgitation as mentioned in the references? ,"Common symptoms include dyspnea on exertion, orthopnea, paroxysmal nocturnal dyspnea, and peripheral edema.","Okay, I'm ready to provide accurate and detailed information about severe aortic regurgitation. Please tell me what you'd like me to do. I will focus on diagnosing the condition, providing relevant information about its pathophysiology, and offering guidance on appropriate treatment options.",63.43690872192383,0.0,0.3695204258152673,0.1,0.18780817032610692
Are these symptoms directly caused by hypertension?,These symptoms might be related to associated anxiety rather than the high blood pressure itself.,"Yes, the symptoms you describe are directly caused by hypertension.",236.56979370117188,0.09180175637746607,0.7741695482994517,0.8,0.648028170595274
When does purple toe syndrome typically develop with Warfarin?,Purple toe syndrome typically develops three to eight weeks after initiation of Warfarin therapy.,"Okay, I'm ready to provide you with accurate information about Purple Toe Syndrome (POTS). 

**Purple Toe Syndrome (POTS)** is a rare but serious condition that can occur in individuals with Warfarin-preventable blood clots. It's characterized by the presence of a purple or bluish discoloration of the toes, often appearing as a white or light-colored bump.

**Diagnostic Criteria:**

The diagnosis of Purple Toe Syndrome is based on a combination of clinical findings and laboratory tests. The following criteria are used to determine if a patient has POTS:

*   **Clinical Presentation:**
    *   **Sudden onset:** The most common symptom is sudden onset of purple or bluish discoloration of the toes. This usually occurs within 24 hours of the onset of the event.
    *   **Multiple episodes:**  A significant number of episodes of purple or bluish discoloration may be present over several days or weeks.
    *   **Significant pain:** Pain radiating from the affected toes is a key feature.
    *   **Neurological signs:**  Symptoms like numbness, tingling, weakness, or difficulty walking are also present.
    *   **Other symptoms:**  Other symptoms such as fever, chills, fatigue, or changes",17.21708106994629,0.09979134212608577,0.7715758905151526,0.7,0.6085886246312782
What are some potential long-term complications following surgery for Tetralogy of Fallot?,"Residual post-surgical defects such as pulmonary regurgitation, pulmonary artery stenosis, residual VSD, right ventricular dysfunction, right ventricular outflow tract obstruction may affect life expectancy and increase the need for reoperation.","Okay, I'm ready to provide you with accurate information about potential long-term complications following surgery for Tetralogy of Fallot. Please proceed with your questions. I will do my best to answer them clearly and concisely.",152.9950408935547,0.0,0.47090944261068207,0.2,0.26836377704427283
What is a ventricular septal defect (VSD)?,"A ventricular septal defect (VSD) is a defect in the ventricular septum, the wall dividing the left and right ventricles of the heart.","Okay, I'm ready to answer your clinical questions about a ventricular septal defect (VSD). Please provide me with the information you would like me to analyze. I will do my best to provide accurate and helpful answers based on established medical knowledge.",2.5013957023620605,0.22317535879925843,0.8310828076487612,0.6,0.6170681948193562
Have randomized controlled trials found foods containing natural statins to reduce cholesterol?,"Yes, randomized controlled trials have found these foodstuffs to reduce circulating cholesterol.","Okay, I'm ready to provide you with accurate information about dietary recommendations for reducing cholesterol. Please proceed with your questions.",41.919952392578125,0.10289141040935479,0.6976227678728433,0.3,0.4196273892310083
What was the leading cause of death globally as of 2010 due to coronary artery disease (CAD)?,Coronary artery disease (CAD) was the leading cause of death globally resulting in over 7 million deaths.,The leading cause of death globally as of 2010 due to coronary artery disease (CAD) was **heart failure**.,11.860993385314941,0.6902025406547402,0.9275223498862368,0.4,0.6690494480854429
What is the function of troponin in muscle cells?,Troponin is attached to the protein tropomyosin and lies within the groove between actin filaments in muscle tissue.,"Okay, I'm ready to answer your clinical questions about troponin. Please provide me with the information you would like me to analyze.",106.95790100097656,0.1005431898098717,0.6449701279903786,0.1,0.3180966891581257
Can anticoagulant therapy contribute to cardiac tamponade?,"Rarely, anticoagulant therapy can lead to cardiac tamponade.","Yes, anticoagulant therapy can contribute to cardiac tamponade.",22.423425674438477,0.705164847070625,0.9910602018113231,0.9,0.8974570501386543
What is a non-pharmacological intervention that can benefit patients with HFPEF?,"Lifestyle modifications such as weight loss, exercise, and dietary changes can be beneficial.","Okay, I'm ready to provide accurate and helpful answers to your clinical questions about Non-Pharmacological Interventions for Patients with HFPEF. Please proceed with your questions.",25.91276741027832,0.0,0.37186888199364365,0.2,0.22874755279745748
What percentage of aortic dissections in women occur during pregnancy?,Half of all aortic dissections occur during pregnancy.,"Given that you are a cardiovascular specialist, I can provide an answer based on the information available to me.",6.312277317047119,0.0,0.32589821322686746,0.2,0.21035928529074702
What are some clinical prediction rules used to assess prognosis in acute heart failure?,"Some clinical prediction rules include the EFFECT rule, ADHERE Tree rule, and BWH rule.","Okay, I'm ready to provide accurate and informative answers to your clinical questions about acute heart failure. Please proceed with your questions. I will do my best to answer them clearly and concisely.",874.5994262695312,0.08918217119195096,0.25957460334881793,0.1,0.16166627557791738
What is a key difference between HFPEF and heart failure with reduced ejection fraction (HFRFE)?,"In HFPEF, ejection fraction remains normal while in HFRFE, it is reduced.","Okay, I'm ready to answer your question about the key difference between HFPEF and heart failure with reduced ejection fraction (HFRFE).",42.32392120361328,0.5694522340617075,0.8161544973599406,0.9,0.8003522457563178
What echocardiographic pattern is considered the mildest form of diastolic dysfunction?,"Grade I diastolic dysfunction, also called an 'abnormal relaxation pattern'.","Okay, I'm ready to answer your question about the mildest form of diastolic dysfunction. 

**Therefore, the echocardiographic pattern that is considered the mildest form of diastolic dysfunction is the **""mild diastolic dysfunction"" (MID)**.**",136.27114868164062,0.3594285329195446,0.7115643605263325,0.4,0.5165114507944419
What condition can cause tricuspid regurgitation through infective endocarditis?,Infective endocarditis can cause primary tricuspid regurgitation by directly damaging the tricuspid valve.,"Okay, I'm ready to answer your clinical question about tricuspid regurgitation through infective endocarditis. 

**Please tell me what you want to know.**",7.469581604003906,0.45979698870318536,0.883474558479027,0.2,0.5253492211322479
What echocardiographic finding is indicative of aortic regurgitation?,Visible jet of blood flowing back from the aorta into the left ventricle.,"Okay, I'm ready to answer your clinical question about echocardiographic findings indicating aortic regurgitation. 

**Please provide the clinical question you would like me to answer.**",61.02267837524414,0.0,0.4893789097034429,0.1,0.23575156388137716
What is the definition of hemodynamic instability in WPW patients?,"Hypotension with a systolic blood pressure (SBP) < 90 mm Hg or a sudden drop in the SBP by > 40 mm Hg, along with symptoms such as chest pain, palpitations, shortness of breath, confusion, delayed capillary refill, acute drop in urinary output, lethargy with a change in mentation, or altered mental status and disorientation.","Okay, I'm ready to answer your clinical question about hemodynamic instability (WPW) in WPW patients. Please provide me with the information you would like me to analyze.",28.113779067993164,0.03340587696415861,0.41677217918934356,0.2,0.25339004706856916
How does smoking contribute to coronary artery disease?,It damages the lining of the arteries and promotes plaque buildup.,"Okay, I'm ready to answer your clinical questions about smoking and its impact on coronary artery disease (CAD). Please provide me with the information you would like me to analyze. I will do my best to provide accurate and helpful answers based on established medical knowledge.",43.982601165771484,0.0,0.4119622149099713,0.1,0.20478488596398856
How common is DCM in adults?,"The most recent figures indicate that about 3 per 1,000 men and 1 per 1,000 women are affected.","Okay, I'm ready to answer your clinical questions about DCM. Please provide me with the information you would like me to analyze.",25.202898025512695,0.1213964400699617,0.27609794610546573,0.4,0.29471846645617866
Which diagnostic test might support a diagnosis of myocarditis?,"A diagnosis may be supported by an electrocardiogram (ECG), increased troponin, heart MRI, and occasionally a heart biopsy.","Okay, I'm ready to provide accurate and informative answers to your clinical questions about myocarditis. Please proceed with your questions.",71.15327453613281,0.0,0.48653612845165206,0.1,0.23461445138066084
What type of atrial septal defect accounts for 7% of all congenital heart lesions?,Ostium secundum atrial septal defect.,"Okay, I understand. I am ready to answer your clinical questions accurately and comprehensively. Please provide me with the information you would like me to analyze.",194.8811492919922,0.0,0.16561629930215163,0.4,0.22624651972086068
Are the rates of shock/death in Takotsubo cardiomyopathy comparable to those of acute coronary syndrome?,"No, contemporary observations show that patients with acute complications may co-occur with TTS, but this does not imply that rates of shock/death of TTS are comparable to those of acute coronary syndrome.","Yes, the rates of shock/death in Takotsubo cardiomyopathy are generally comparable to those of acute coronary syndrome (ACS). However, there can be some subtle differences that warrant further investigation. 

Here's a breakdown:

*   **Acute Coronary Syndrome (ACS):** ACS is a serious condition characterized by sudden cardiac arrest. The rate of death in ACS is significantly higher than in acute coronary syndromes.
*   **Takotsubo Cardiomyopathy:** This is a specific type of cardiomyopathy that occurs after a major heart event, such as a myocardial infarction (heart attack) or a stroke. It's characterized by a dramatic and often unpredictable change in heart rhythm, including irregular heartbeats, rapid heart rate, and a loss of ventricular function.
*   **Shock/Death Rate:** While the exact number varies depending on the severity of the event, the shock/death rate in Takotsubo cardiomyopathy is generally considered to be *higher* than in ACS. This is because the heart may have been severely damaged during the event, leading to a more pronounced and prolonged decline in heart function.
*   **Diagnostic Criteria:** The diagnostic criteria for Takotsubo cardiomyopathy are based on the symptoms and the timing of the events. These criteria typically include:",51.31948471069336,0.21361882697837778,0.7452171157484724,0.2,0.42081061169506456
At what age is surgical repair typically performed for Tetralogy of Fallot?,Surgery is usually performed within the first year of life,"Okay, I'm ready to answer your clinical questions about the surgery for Tetralogy of Fallot. Please provide me with the information you would like me to analyze.",26.967660903930664,0.1316495269845986,0.47447043607676126,0.2,0.2961180798276243
When do signs and symptoms typically manifest in a VSD patient?,It usually manifests a few weeks after birth.,"Okay, I'm ready to be your comprehensive medical assistant for VSD patients. Please provide me with the information you would like me to analyze. I will focus on providing accurate and detailed answers based on established clinical guidelines, understanding the pathophysiology of VSD, and offering appropriate treatment options.",680.7137451171875,0.0,0.0,0.1,0.04000000000000001
What are the most common adverse side effects of anticoagulants?,"The most common adverse side effects are increased risk of bleeding, both nonmajor and major bleeding events.","Okay, I'm ready to provide you with accurate information about the most common adverse side effects of anticoagulants. Please proceed with your questions.",57.194637298583984,0.4576212951395865,0.6120696312880318,0.4,0.4963521115431301
What is the approximate risk of stroke associated with TAVI?,There is a ~3% risk of stroke associated with TAVI due to embolism or altered hemodynamics during or after the procedure.,"Okay, I'm ready to answer your question about the estimated risk of stroke associated with a TAVI (Tricuspid Aortic Valve Biopsy).

**Please tell me what you would like to know.**",31.296669006347656,0.3425714813346132,0.8338104339507144,0.1,0.4420384698472084
What are the primary components of atheromatous plaques?,"Atheromatous plaques consist of lipid cores, fibrous tissue, and calcifications.","Okay, I'm ready to answer your clinical questions about atheromatous plaques! Please tell me what you want answered. I will do my best to provide accurate and helpful information based on my knowledge of cardiovascular diseases and their associated pathologies.",36.28525924682617,0.18854177809433237,0.7690548155891667,0.2,0.4253302818545332
What is the mortality rate for people with abdominal aortic aneurysm rupture according to one review?,One review stated that up to 81% of people having abdominal aortic aneurysm rupture will die directly as a consequence thereof.,"Okay, I'm ready to answer your question about the mortality rate for people with abdominal aortic aneurysm rupture (AAAAR). Please provide me with the information you would like me to analyze.",66.68053436279297,0.37211040656163447,0.7997436665594644,0.9,0.7543195479361127
What is another heart disease where beta blockers are used?,Hypertrophic obstructive cardiomyopathy.,"Okay, I'm ready to answer your questions about another heart disease. Please provide the information you would like me to analyze.",1648.6663818359375,0.0,0.44383927625852926,0.1,0.21753571050341172
What is another name for antiarrhythmic agents?,Cardiac dysrhythmia medications.,"Okay, I'm ready to answer your clinical questions about antiarrhythmias. Please provide the information you would like me to use.",75.84002685546875,0.0,0.632836684035919,0.4,0.4131346736143676
What is the cause of the excess connective tissue in the spongiosa layer?,"This is due to an excess of dermatan sulfate, a glycosaminoglycan.","Okay, I'm ready to answer your clinical question about the cause of the excess connective tissue in the spongiosa layer. Please provide me with the information you would like me to analyze.",155.26222229003906,0.13183021842750187,0.4788097769678534,0.1,0.25788995447264174
Is further diagnostic coronary angiography routinely indicated after coronary stent implantation?,"No, further diagnostic coronary angiography is not routinely indicated after coronary stent implantation.","Yes, further diagnostic coronary angiography (CGA) is generally considered routinely indicated after coronary stent implantation.",2.429755926132202,0.8988966139886332,0.8739725131216465,0.4,0.6893683280463853
What do anticoagulants specifically inhibit?,Specific pathways of the coagulation cascade.,"Okay, I'm ready to provide you with accurate information about anticoagulants. Please tell me what you would like me to answer.",1799.80029296875,0.0,0.440627669503532,0.2,0.2562510678014128
What might be the reason for recommending surgery in asymptomatic patients with progressive LV dilatation?,To reduce the risk of sudden death.,"Okay, I'm ready to provide accurate and informative answers to your clinical questions about surgical recommendations for asymptomatic patients with progressive LV dilatation. Please proceed with your questions.",599.4812622070312,0.0,0.19699475847464196,0.1,0.1187979033898568
What are some of the initial symptoms that might suggest myocarditis in children?,"Children primarily present with symptoms associated with a viral infection, including fever, rash, loss of appetite, abdominal pain, vomiting, diarrhea, joint pains, and easy fatigue.","Okay, I'm ready to provide accurate and helpful information about myocarditis in children. Please proceed with your questions. I will do my best to answer them clearly and concisely.",58.52601623535156,0.11293697616648145,0.4249783334910367,0.2,0.272578728629711
Does atrial flutter always occur in individuals with cardiovascular disease?,"No, atrial flutter may occur spontaneously in people with otherwise normal hearts.","Yes, atrial flutter is a common and potentially serious condition that can occur in individuals with cardiovascular disease. It's important to note that it's not a definitive diagnosis, but rather a potential sign of a broader underlying problem.",629.9746704101562,0.2534370595011654,0.9016602874130567,0.4,0.5713515268654559
What are the effects of calcium channel blockers on the heart's electrical conduction?,Calcium channel blockers can cause heart block if taken in excessive amounts.,"Okay, I understand. I am ready to answer your clinical questions accurately and comprehensively. Please provide me with any questions you have about calcium channel blockers. I will do my best to provide accurate and helpful information.",27.35760498046875,0.28974130817620813,0.7233358564449749,0.2,0.4272826042132316
Where does atrial flutter usually occur?,Atrial flutter usually occurs along the cavo-tricuspid isthmus of the right atrium.,"Okay, I'm ready to answer your clinical questions about atrial flutter. Please provide me with the information you would like me to analyze.",68.52859497070312,0.20713156579279188,0.7159062591532306,0.1,0.36778881681985065
Is headache a common symptom of hypertension?,Some people with high blood pressure report headaches as a symptom.,"Yes, headache is a common symptom of hypertension.",28.81088638305664,0.18137070105469472,0.8914849891529977,0.9,0.7528681358721381
What complication can occur following pericardiectomy?,Pericardial recurrence or formation of a pericardial fistula.,"Okay, I'm ready to answer your clinical question about the complication of pericardiectomy. Please provide me with the information you would like me to analyze.",312.611083984375,0.0,0.5839814292465694,0.2,0.31359257169862775
What did a systematic review conclude about the rate of muscle pain associated with statin use compared to clinical trials?,"While clinical trial meta-analyses underestimate the rate of muscle pain associated with statin use, the rates of rhabdomyolysis are still 'reassuringly low' and similar to those seen in clinical trials (about 1–2 per 10,000 person years).","Okay, I'm ready to provide an answer based on my knowledge of cardiology and the findings of a systematic review. Please tell me what you would like me to do!",27.927865982055664,0.0,0.3751446026595081,0.2,0.23005784106380328
Are undocumented immigrants eligible for coverage options?,Uninsured undocumented immigrants are ineligible for coverage options due to their immigration status.,"Yes, undocumented immigrants are generally eligible for coverage options.",13.20318603515625,0.5775455278125485,0.8952674825398652,0.4,0.6336160985784558
What is myocarditis?,Myocarditis is inflammation of the cardiac muscle.,"Okay, I'm ready to answer your clinical questions about myocarditis. Please provide me with the information you would like me to analyze. I will do my best to provide accurate and helpful answers based on the available information.",5.514230251312256,0.12749317856056186,0.639876766583716,0.2,0.3614493423455988
How does a restrictive VSD differ in terms of murmur and palpable thrill?,Restrictive VSDs are associated with a louder murmur and more palpable thrill (grade IV murmur).,"Okay, I'm ready to provide accurate and informative answers to your clinical questions about the difference between a restrictive VSD and a non-restrictive VSD. Please proceed with your questions.",76.5603256225586,0.20183539233612507,0.6280190465491291,0.2,0.3715746970868767
What happens when the SA node fails to function properly?,A secondary pacemaker may take over the function of setting the pace.,"Okay, I'm ready to provide accurate and informative answers to your clinical questions about the SA node failure. Please proceed with your questions.",684.673828125,0.0,0.25450964701924383,0.1,0.14180385880769755
What is the consequence of pulmonary hypertension in the context of an atrial septal defect?,"It causes the right ventricle to face increased afterload, forcing it to generate higher pressures to overcome the pulmonary hypertension.","Okay, I'm ready to answer your question about the consequence of pulmonary hypertension in the context of an atrial septal defect. 

**The consequence of pulmonary hypertension in the context of an atrial septal defect is the development of a blood clot in the pulmonary artery (PA). This clot can cause:**

*   **Increased risk of heart failure:** The clot can obstruct blood flow to the heart, leading to a buildup of fluid and pressure within the heart muscle. This can lead to:
    *   **Heart failure:** Reduced cardiac output, increased workload, and potentially even death.
    *   **Arrhythmias:**  Irregular heartbeats that can be difficult to manage.
    *   **Cardiac arrest:** In severe cases, the clot can rupture and cause a sudden cardiac event.

*   **Increased risk of stroke:** A clot can block blood flow to the brain, increasing the chances of a stroke.

*   **Increased risk of other complications:** The clot can also contribute to other problems, such as:
    *   **Pulmonary embolism:** A blood clot that travels from the lungs to the bloodstream.
    *   **Deep vein thrombosis (DVT):** A blood clot that forms in the deep veins of",143.18650817871094,0.07753583285551573,0.635548111344435,0.3,0.3897264111088771
How does myocarditis affect the respiratory system?,"Later stages of the illness can involve the respiratory system leading to increased work of breathing, which is often mistaken for asthma.","Okay, I'm ready to answer your questions about myocarditis. Please provide me with the information you would like me to analyze. I will do my best to provide accurate and helpful answers based on established medical knowledge.",98.00029754638672,0.0,0.29601675419262274,0.2,0.1984067016770491
What is the pathophysiological mechanism of myocarditis?,"Inflammation of the myocardium, often due to viral or autoimmune processes","Okay, I'm ready to answer your clinical question about myocarditis. Please provide me with the information you would like me to analyze. I will do my best to provide accurate and helpful answers based on the available information.",42.64518737792969,0.0,0.6271917611123639,0.1,0.2908767044449455
What additional health issues in cats might necessitate monitoring a blood pressure below 160 mmHg?,Kidney disease or retinal detachment.,"Okay, I'm ready to provide accurate and helpful answers to your questions about feline blood pressure monitoring. Please proceed with your questions.",265.5562438964844,0.0,0.20768108524389212,0.1,0.12307243409755686
How is blood flow measured during cardiac catheterization?,Most commonly using the Fick principle and thermodilution.,"Okay, I'm ready to answer your questions about blood flow during cardiac catheterization. Please provide me with the information you would like me to analyze. I will do my best to provide accurate and helpful answers based on established medical knowledge.",884.2349243164062,0.0,0.117235378394206,0.2,0.12689415135768242
What happens in the case of a large atrial septal defect (> 9 mm)?,"Blood shunts from the left atrium to the right atrium, causing a volume overload of both the right atrium and the right ventricle.","Okay, I'm ready to provide accurate and detailed answers to your clinical questions about a large atrial septal defect (ASD). Please proceed with your questions. I will do my best to answer them clearly and concisely.",20.35643768310547,0.0,0.4786162416252092,0.1,0.2314464966500837
What is the hallmark of atrial flutter on an ECG?,The presence of sawtooth F waves.,"Okay, I'm ready to answer your clinical question about the hallmark of atrial flutter on an ECG.",70112.0078125,0.0,0.22741528164443883,0.9,0.4509661126577756
Which method is frequently used for proximal compression ultrasound due to its effectiveness?,Proximal compression ultrasound.,"Okay, I'm ready to provide accurate and informative answers to your clinical questions about proximal compression ultrasound. Please proceed with your questions.",105.14408874511719,0.553261836463994,0.8877685990270685,0.1,0.5057598069036262
"During physical examination, what is an elevated Jugular venous pressure (JVP) indicative of in constrictive pericarditis?",It is indicative of right-sided heart failure.,"Okay, I'm ready to provide accurate answers to your clinical questions about jugular venous pressure (JVP). Please proceed with your questions.",24.74112319946289,0.0,0.2726368464322491,0.3,0.22905473857289965
Are there any studies linking beta blockers with depression?,"Earlier studies found an association between beta blockers and depression, but more rigorous studies found no causal relationship of beta blockers with depression and regardless of lipid solubility.","Yes, there have been some studies that have explored the potential link between beta blockers and depression. However, it's important to note that these studies are not conclusive and require further research to confirm their findings. 

Here's what we know:

*   **Potential Associations:** Some studies suggest a possible association between beta blockers and depression, particularly in individuals with pre-existing depressive disorders or those taking beta blockers for a specific condition. The mechanisms underlying this association are still being investigated.
*   **Limitations:** These studies often rely on observational data and may not always be able to detect a causal relationship. They also might not fully account for individual differences in susceptibility to depression and other risk factors.
*   **Further Research Needed:** More rigorous research is needed to determine whether beta blockers are effective in treating depression and to identify the specific subtypes of depression that are most likely to benefit from beta blockers.

It's crucial to remember that this is just one piece of the puzzle. A comprehensive understanding of the complex interplay between beta blockers and depression requires a multidisciplinary approach involving physicians, nurses, psychologists, and other healthcare professionals.",100.5191879272461,0.2532378473066103,0.8664947735581784,0.9,0.7572454788845935
What symptom might be observed in a non-cyanotic Tetralogy of Fallot patient?,It is sometimes referred to as a 'pink tet',"Okay, I'm ready to assist you with your question about the symptoms of a non-cyanotic Tetralogy of Fallot (NTF). To provide the most accurate answer, please tell me more about the patient's presentation.",5696.04150390625,0.0,0.2662107483646512,0.2,0.1864842993458605
How does the pain of pericarditis change with body position?,"The pain is usually relieved by sitting up or bending forward, and worsened by lying down (both recumbent and supine positions).","Okay, I'm ready to provide you with accurate information about pericarditis. Please proceed with your questions. I will do my best to answer them clearly and concisely.",67.1606216430664,0.0,0.3147009005773563,0.1,0.16588036023094252
Which blood tests have not been found to be particularly useful in diagnosing infective endocarditis?,C-reactive protein (CRP) and procalcitonin have not been found to be particularly useful.,"Okay, I'm ready to provide accurate and informative answers to your clinical questions about blood tests that haven't been found to be particularly useful in diagnosing infective endocarditis. Please proceed with your questions.",18.9542293548584,0.3579353948083093,0.31471994149946664,0.7,0.4774750555614485
"What arteries supply blood to the brain and neck, and what are their symptoms of marked narrowing?","Carotid arteries supply blood to the brain and neck. Marked narrowing of the carotid arteries can present with symptoms such as a feeling of weakness; being unable to think straight; difficulty speaking; dizziness; difficulty in walking or standing up straight; blurred vision; numbness of face, arms and legs; severe headache; and loss of consciousness.","Okay, I'm ready to be your comprehensive cardiology answerator! Please provide me with the information you would like me to analyze. I will do my best to provide accurate and helpful answers based on established medical knowledge.",29.108142852783203,0.026657655574332886,0.34937373767745056,0.1,0.18508102618584682
What might a physician observe during physical examination in a patient with cardiac tamponade?,Muffled heart sounds or distant heart sounds.,"Okay, I'm ready to be your cardiovascular specialist! Let's begin. Please tell me about the patient you're referring to.",180.25149536132812,0.0,0.3332719666201836,0.1,0.17330878664807345
What is the alternative treatment to indomethacin for patent ductus arteriosus in neonates?,Ibuprofen is an alternative treatment option.,"Okay, I'm ready to assist you with your clinical question about indomethacin for patent ductus arteriosus (PDA) in neonates. Please provide me with the information requested.",875.7809448242188,0.0,0.29360148427113975,0.2,0.1974405937084559
What type of heart failure can develop in chronic aortic regurgitation?,"In chronic aortic regurgitation, heart failure can develop due to the resulting cardiac remodeling.","Okay, I'm ready to provide accurate information about the type of heart failure that can develop in chronic aortic regurgitation. 

**Understanding Chronic Aortic Regurgitation (CAR)**

Chronic aortic regurgitation (CAR) is a serious condition characterized by recurrent episodes of regurgitation, often with significant morbidity and mortality. It's a complex interplay of factors, including:

*   **Age:**  The risk increases with age.
*   **Genetic Predisposition:**  Some individuals have a genetic predisposition to developing CAR.
*   **Lifestyle Factors:**  Smoking, high blood pressure, obesity, and sedentary lifestyles significantly increase the risk.
*   **Coronary Artery Disease (CAD):**  CAD is a major risk factor for CAR.
*   **Aortic Stenosis:**  Narrowing of the aortic valve can lead to regurgitation.
*   **Infection:**  Infections can disrupt the delicate valves and cause regurgitation.
*   **Other Conditions:**  Certain other conditions can also contribute to CAR.

**Types of Heart Failure That Can Develop in Chronic Aortic Regurgitation**

While it's important to remember that CAR is a complex condition, some types of heart failure can develop",9.65433406829834,0.1633374287490425,0.6586890839516103,0.7,0.5761431193304526
What complications might arise from myocarditis?,"Complications may include heart failure, due to dilated cardiomyopathy or cardiac arrest.","Okay, I'm ready to provide accurate and informative answers to your clinical questions about myocarditis. Please proceed with your questions.",208.88861083984375,0.0,0.46590554511865145,0.2,0.26636221804746063
What regulates the processing of proBNP?,Processing of proBNP may be regulated by O-glycosylation of residues near the cleavage sites.,"Okay, I'm ready to answer your clinical questions about proBNP. Please provide me with the information you would like me to analyze. I will do my best to provide accurate and helpful answers based on established medical knowledge.",192.22848510742188,0.09470164565592959,0.49273877987732045,0.2,0.2960358410821141
What is the weight and thickness of current ICDs?,Current ICDs weigh only 70 grams and are about 12.9 mm thick.,"Okay, I'm ready to answer your clinical questions about the weight and thickness of current ICDs. Please provide me with the information you would like me to analyze.",32.31840133666992,0.3499306748988533,0.7974165248461369,0.9,0.7489527449182255
What body condition is advised to reduce the risk of atherosclerosis?,Maintaining a normal weight.,"Okay, I'm ready to provide accurate and informative answers to your clinical questions about cardiovascular health. Please proceed with your questions.",2373.633544921875,0.0,0.3299150378424828,0.1,0.1719660151369931
What role do beta-blockers play in the management of takotsubo cardiomyopathy?,They may help reduce sympathetic overactivity and prevent future episodes.,"Okay, I'm ready to provide accurate and informative answers to your clinical questions about beta-blockers in takotsubo cardiomyopathy. Please proceed with your questions.",1002.0784301757812,0.0,0.3997886997612197,0.4,0.31991547990448793
Can you identify any ongoing controversies in myocarditis diagnosis?,"There are ongoing controversies in myocarditis diagnosis, classification, and treatment.","Yes, I can definitely identify some ongoing controversies in myocarditis diagnosis. 

**Ongoing Controversies in Myocarditis Diagnosis:**

Myocarditis is a serious condition that can significantly impact the quality of life of individuals with heart disease. While there's no single definitive answer to the exact cause, several factors contribute to its development and progression. These include:

*   **Genetic Predisposition:** Genetic mutations in genes involved in the inflammatory response and the production of cytokines can increase the risk of myocarditis.
*   **Age-Related Changes:** The prevalence of myocarditis increases with age, making it more common among younger individuals.
*   **Lifestyle Factors:** Smoking, high cholesterol, obesity, and sedentary lifestyles are major risk factors.
*   **Infection:** Infections like viral myocarditis or bacterial infections can lead to inflammation and damage to the heart muscle.
*   **Inflammation:** Chronic inflammation can damage the heart muscle and impair its ability to function properly.
*   **Underlying Conditions:** Certain underlying conditions, such as heart failure, arrhythmias, and certain types of cancer, can increase the risk of myocarditis.

**Current Research & Current Guidelines:**

Research continues to focus on understanding the mechanisms underlying myocarditis and developing",17.213232040405273,0.12826926726428678,0.8262498237471361,0.7,0.6361537829517118
What new or worsened symptoms might indicate a need for medical attention after TAVI?,"New or worse post-procedure symptoms that require attention include dizziness or light-headedness, swelling of the ankles, sudden weight gain, extreme fatigue with activity, and signs of infection.","Okay, I'm ready to provide accurate and informative answers to your clinical questions about TAVIO (Tricovaginal Aortic Valve Repair). Please proceed with your questions.",116.85450744628906,0.041556172468120815,0.36495694200972073,0.1,0.19429401129751248
What lifestyle factor is linked to metabolic syndrome?,Sedentary behavior or low physical activity is linked to metabolic syndrome.,"Okay, I'm ready to answer your clinical questions about metabolic syndrome. Please provide me with the information you would like me to analyze.",17.538955688476562,0.24255433638251425,0.6216482382038682,0.2,0.37717016255805014
What is the nature of mitral valve prolapse according to the consensus?,It is a non-preventable condition.,"Okay, I'm ready to answer your clinical question about the nature of mitral valve prolapse. Please provide me with the information you would like me to analyze.",96.40074157714844,0.0,0.27358161720036406,0.1,0.14943264688014563
What are the non-specific signs that can support the diagnosis of FH?,Xanthelasma and corneal arcus.,"Okay, I'm ready to provide accurate and informative answers to your clinical questions about FH. Please proceed with your questions. I will do my best to answer them clearly and concisely.",27935.931640625,0.0,0.2163701116464468,0.1,0.12654804465857872
How is the ventricular rate determined in atrial flutter?,"The ventricular rate is determined by the number of atrial impulses conducted through the AV node, typically resulting in a rate of 140–150 beats per minute.","Okay, I'm ready to answer your clinical questions about ventricular rate determination in atrial flutter. Please provide me with the information you would like me to analyze.",16.12820816040039,0.22053598622716133,0.750804120165668,0.2,0.4244288453116995
What equipment must be avoided by patients with an ICD?,"Equipment using magnets or generating magnetic fields, or any similar environment.","Okay, I'm ready to assist you with your clinical questions about ICD-10. Please provide me with the information you would like me to analyze.",2282.351806640625,0.0,0.07824800688792569,0.2,0.1112992027551703
What is catheter ablation?,Catheter ablation is a medical procedure where a catheter is inserted into the heart to destroy the tissue causing the abnormal rhythm.,"Okay, I'm ready to answer your clinical questions about catheter ablation. Please provide me with the information you would like me to analyze. I will do my best to provide accurate and helpful answers based on established medical knowledge.",13.438740730285645,0.23560458568516834,0.7399828515181931,0.2,0.42311405774431093
What occurs during each successive diastolic period in cardiac tamponade?,Less blood enters the ventricles.,"Okay, I'm ready to answer your questions about cardiac tamponade. Please provide the information you would like me to analyze. I will do my best to provide accurate and helpful answers based on established medical knowledge.",4257.38330078125,0.0,0.37952859025005603,0.2,0.23181143610002244
What is the preferred method for diagnosing a pulmonary embolism?,CT pulmonary angiogram (CTPA).,"Okay, I'm ready to be your medical assistant! Please tell me what you want answered about pulmonary embolism. I will do my best to provide accurate and helpful information based on my knowledge of cardiovascular medicine.",92.45115661621094,0.09907244268024573,0.41866470475068024,0.2,0.26728037043632125
How does previous venous thromboembolism (VTE) affect the risk of future VTE?,"It is a strong risk factor, especially if it was unprovoked.","Okay, I'm ready to provide accurate and informative answers to your clinical questions about VTE. Please proceed with your questions. I will do my best to answer them clearly and concisely.",417.0859375,0.0,0.15062076674297767,0.1,0.10024830669719108
What is considered an additional risk factor for ischemic heart disease in FH patients?,High level of lipoprotein(a).,"Okay, I'm ready to provide accurate and informative answers to your clinical questions about ischemic heart disease (FH) in patients with FH. Please proceed with your questions.",698.1987915039062,0.0,0.3169047310055541,0.1,0.16676189240222167
Is stenosis a common occurrence in atherosclerosis?,"No, stenosis is a late event, which may never happen and is often the result of repeated plaque rupture and healing responses, not just the atherosclerotic process.","Yes, stenosis is a common occurrence in atherosclerosis.",225.2766876220703,0.08619130637332865,0.9227393839292599,0.2,0.4663340148463697
What is the severity grading system for tricuspid regurgitation?,"Severity is graded from mild (small amount of regurgitation), moderate (moderate amount of regurgitation), to severe (large amount of regurgitation).","Okay, I'm ready to answer your clinical question about the severity grading system for tricuspinal regurgitation. 

**Please provide me with the information you would like me to analyze.**",10.749260902404785,0.19332316034924998,0.6501249318949556,0.1,0.3387146048278322
What activities might be restricted for individuals with a history of myocardial infarction?,Driving a car or flying an airplane.,"Okay, I'm ready to provide accurate and helpful answers to your clinical questions about cardiac conditions. Please proceed with your questions.",485.900390625,0.0,0.055918644704677646,0.1,0.06236745788187106
Can beta blockers be used by athletes in competitive events?,The use of beta blockers by athletes is controversial and generally prohibited by sports organizations due to their potential to enhance performance.,"Yes, beta blockers can be used by athletes in competitive events. They are often prescribed to help reduce the risk of heart attacks and strokes, particularly in endurance sports like running, cycling, and swimming.",25.93086814880371,0.2756596512037482,0.8623299839261935,0.2,0.4800639238112271
How do many subsequent genetic mutations associated with Brugada syndrome affect the heart muscle cells?,"Many of the genetic mutations that have subsequently been described in association with Brugada syndrome influence the sodium current in some way, or affect other ionic currents.","Okay, I'm ready to provide accurate and informative answers to your clinical questions about Brugada Syndrome (BS). Please proceed with your questions. I will do my best to answer them clearly and concisely.",1090.3017578125,0.16386509060930401,0.5492445919127549,0.2,0.33247085488696276
What condition in individuals who have undergone aortic valve replacement for aortic insufficiency increases the risk of aortic dissection?,Aortic regurgitation causing increased blood flow in the ascending aorta leading to dilatation and weakening of the walls,"Given that you are a cardiologist and have undergone aortic valve replacement for aortic insufficiency, the condition in which this procedure increases the risk of aortic dissection is **aortic dissection**.",148.91412353515625,0.0779437620923055,0.5299211252537007,0.4,0.3875572025199414
How does the AV node contribute to heart rhythm regulation?,"The AV node slows down the electrical impulse before it reaches the ventricles, allowing the atria to contract first.","Okay, I'm ready to provide accurate and informative answers to your clinical questions about the AV node. Please proceed with your questions. I will do my best to answer them clearly and concisely.",28.869613647460938,0.07988022454922653,0.6234687777119129,0.2,0.3453635559946105
What does primary tricuspid regurgitation refer to?,Primary tricuspid regurgitation refers to defects in the tricuspid valve itself.,"Okay, I'm ready to answer your clinical question about primary tricuspial regurgitation. 

**Primary Tricuspial Regurgitation (TTR)** refers to the **leakage of blood from the upper right third of the breast cavity into the lower right abdominal cavity.** This is a common condition that can cause significant discomfort, pain, and potentially require surgical intervention.

**Diagnostic Criteria:**

The diagnosis of primary tricuspial regurgitation is based on a combination of clinical findings and imaging studies. The following criteria are typically used:

*   **History of Breast Cancer:** A history of breast cancer is a strong indicator of TTR.
*   **History of Breast Ulcers or Bleeding:** History of breast ulcers or bleeding is also indicative of TTR.
*   **History of Breast Pain:** History of breast pain is another important factor.
*   **Presence of Other Symptoms:** Other symptoms such as fever, cough, weight loss, or changes in bowel habits may be present.
*   **Age:** Infants and young children are more likely to develop TTR due to their immature digestive systems.
*   **Presence of Swelling:** Swelling in the abdomen is a sign of potential TTR.
*",4.908605575561523,0.08276581046383896,0.5428490872073238,0.1,0.27369279697569737
What might a restrictive VSD be characterized by?,A louder murmur and more palpable thrill.,"Okay, I'm ready to answer your clinical question about a restrictive VSD. 

**Restricted VSD (RVS) is a condition where the heart muscle cells are tightly packed together, preventing the heart from contracting properly.** This can lead to a variety of symptoms, including:

*   **Heart failure:** Reduced blood flow to the heart muscle, leading to shortness of breath, fatigue, and swelling.
*   **Arrhythmias:** Abnormal electrical activity in the heart, which can cause palpitations, irregular rhythms, or even sudden cardiac arrest.
*   **Cardiac ischemia:** Lack of oxygen supply to the heart muscle, causing it to become damaged and unable to contract effectively.
*   **Increased risk of complications:** Including heart attacks, strokes, and other serious cardiovascular events.

**Diagnostic Criteria for Restricted VSD:**

The specific diagnostic criteria for a restricted VSD will depend on the severity of the disease and the patient's overall health status. However, some common criteria include:

*   **Age:** The age at diagnosis is crucial. Infants and young children typically have a higher risk of developing RVS.
*   **History of Heart Disease:** A history of heart disease, such as coronary artery disease, heart failure,",9527.900390625,0.0,0.2121303022023114,0.2,0.1648521208809246
What specific conditions necessitate more aggressive treatment in Takotsubo cardiomyopathy?,If patients experience heart failure or acute hypotension and shock.,"Okay, I'm ready to provide accurate and detailed answers to your clinical questions about Takotsubo cardiomyopathy. Please proceed with your questions.",1871.8646240234375,0.0,0.46910024239804327,0.2,0.2676400969592173
What technique is used to assess blood flow through the heart during echocardiography?,"Doppler echocardiography, using pulsed- or continuous-wave Doppler ultrasound.","Okay, I'm ready to assist you with your cardiac echocardiography question. Please provide me with the information requested.",215.9904327392578,0.19537104790380405,0.5637573269716949,0.1,0.30457714036943884
When might a VSD be treated surgically?,If it is large or causing symptoms.,"Okay, I'm ready to provide accurate and informative answers to your clinical questions about VSDs. Please proceed with your questions.",2656.378173828125,0.0,0.24559112066668579,0.2,0.17823644826667434
How is a small PDA typically associated with in terms of heart size and blood flow?,A small PDA is generally accompanied by a normal-sized heart and normal blood flow to the lungs.,"Okay, I'm ready to provide accurate and informative answers to your clinical questions about a small PDA. Please proceed with your questions.",17.717798233032227,0.14057302379357925,0.7123191767819316,0.2,0.3930422754714885
What are some risk factors for atherosclerosis?,"Risk factors include abnormal cholesterol levels, elevated levels of inflammatory biomarkers, high blood pressure, diabetes, smoking, obesity, genetic factors, family history, lifestyle habits, and an unhealthy diet.","Okay, I'm ready to be your cardiovascular health expert! Let's delve into the risk factors for atherosclerosis. 

To provide you with accurate information, please answer as thoroughly as possible. I will do my best to understand your specific concerns and provide relevant answers based on my knowledge of cardiology and the available resources.

**Please tell me about your specific question or concern.** For example, you could ask:

*   ""How does atherosclerosis affect my heart?""
*   ""What are the common causes of atherosclerosis?""
*   ""What are the recommended lifestyle changes for managing atherosclerosis?""
*   ""What is the role of inflammation in atherosclerosis?""

I look forward to hearing from you so we can discuss this important topic effectively.",31.99827003479004,0.09829507704010906,0.6134261975208918,0.2,0.3450294944163786
What is the threshold for mitral stenosis based on valve area?,Any decrease in area below 2 cm2 causes mitral stenosis.,"Okay, I'm ready to answer your clinical questions about mitral stenosis. Please provide me with the information you would like me to analyze.",209.81910705566406,0.2542475959553158,0.7274062940450099,0.1,0.38181203680906717
What does acute coronary syndrome often reflect in terms of coronary arteries?,A degree of damage to the coronaries by atherosclerosis.,"Okay, I'm ready to provide accurate and informative answers to your clinical questions about acute coronary syndrome (ACS). Please proceed with your questions.",744.7528076171875,0.0,0.5526006823214971,0.2,0.30104027292859886
Can hypertension cause fainting episodes?,Some people with high blood pressure report fainting episodes as a symptom.,"Yes, hypertension can cause fainting episodes.",46.880210876464844,0.32431116073380745,0.9043967805324703,0.9,0.7866209443597497
How is the Bethesda unit relevant to the diagnosis of coagulation disorders?,"The Bethesda unit is relevant to the diagnosis of coagulation disorders as it can help identify abnormalities in coagulation inhibitor activity, which is crucial for accurate diagnosis and treatment.","Certainly! The Bethesda Unit plays a crucial role in diagnosing and managing coagulation disorders. It's a highly specialized center that focuses on the complex interplay between coagulation factors, inflammation, and the body's response to these factors. 

Here's how it relates to the diagnosis of coagulation disorders:

*   **Comprehensive Assessment:** The Bethesda Unit offers a comprehensive assessment of the patient's coagulation profile, including:
    *   **Complete Blood Count (CBC):** To assess for anemia, leukopenia, and other abnormalities.
    *   **Comprehensive Metabolic Panel (CMP):** To evaluate liver function, electrolytes, and kidney function.
    *   **Liver Function Tests (LFTs):** To assess liver function and identify any abnormalities.
    *   **Kidney Function Tests (KFTs):** To assess kidney function and detect signs of kidney damage.
    *   **Electrolyte Levels:** To monitor electrolyte imbalances.
    *   **Blood Gas Analysis:** To assess oxygenation, carbon dioxide levels, and other vital signs.
    *   **Imaging Studies:** Depending on the specific coagulation disorder, imaging studies may be necessary, such as:
        *   **CT Scan:** For evaluating blood clots or inflammation.",10.71668815612793,0.27872402719493516,0.830891602687629,0.1,0.4281014465140386
What is the prevalence of Wolff-Parkinson-White syndrome?,Wolff-Parkinson-White syndrome affects about 2 per 1000 people.,"Okay, I'm ready to answer your clinical questions about Wolff-Parkinson-White Syndrome (WPWS). Please provide me with the information you would like me to analyze.",9.789113998413086,0.5409248139374401,0.8072919996311745,0.8,0.7511017626399579
What does the size of the intracardiac shunt determine?,The development of signs and symptoms due to an ASD are related to the size of the intracardiac shunt. Individuals with a larger shunt tend to present with symptoms at a younger age.,"Okay, I'm ready to answer your clinical questions about the size of the intracardial shunt. Please provide me with the information you would like me to analyze.",34.97518539428711,0.26014289459352247,0.7055964808283562,0.2,0.41426717125004703
What is the goal of catheter ablation in Wolff–Parkinson–White syndrome?,To destroy the abnormal electrical pathway and restore normal heart rhythm,"Okay, I'm ready to provide you with accurate information about catheter ablation in Wolff-Parkinson-White syndrome. 

**The Goal of Catheter Ablation in Wolff-Parkinson-White Syndrome:**

Catheter ablation aims to **remove or reduce the size of tumors that have spread from the bone marrow to the surrounding tissues.** This is typically done using a catheter, which is a thin, flexible tube inserted into the bloodstream. The goal is to:

*   **Reduce tumor size:** By reducing the size of the tumor, it can be more easily removed and less likely to recur.
*   **Improve outcomes:** A reduced tumor size can lead to better blood flow to the treated area, potentially improving the effectiveness of other treatments.
*   **Prevent recurrence:** By reducing the risk of recurrence, catheter ablation can help prevent the development of new tumors.

**Key Considerations:**

*   **Tumor Type:** The specific type of tumor (e.g., lung, breast, kidney) will influence the choice of ablation method.
*   **Location of Tumor:** The location of the tumor will also affect the procedure.
*   **Patient Factors:** Age, overall health, and other factors can influence the success rate of catheter ablation",208.12594604492188,0.0,0.40226862356001786,0.2,0.24090744942400716
What is the rationale behind recommending surgical repair for aortic enlargements smaller than 5.5 cm in individuals with connective-tissue disorders or a family history of aortic rupture?,To reduce the risk of dissection.,"Okay, I understand. I am here to provide accurate and helpful information about cardiovascular conditions and their management. Please proceed with your questions. I will do my best to answer them clearly and concisely.",1568.028564453125,0.0,0.21916283232465944,0.1,0.12766513292986378
What improvements are seen in left-ventricle function after CABG?,Improvements in both systolic and diastolic functions.,"Okay, I'm ready to provide you with accurate information about the improvement of left ventricle (LV) function after a CABG. Please tell me what you would like me to do.",6127.79736328125,0.0,0.4574094856730063,0.2,0.2629637942692026
What is the recurrence rate of atrial flutter after treatment with ibutilide?,The rates of recurrence after treatment with ibutilide are quite high (70–90%).,"Okay, I'm ready to answer your question about the recurrence rate of atrial flutter after treatment with ibutilide. 

**The recurrence rate of atrial flutter after treatment with ibutilide is generally considered to be within the range of 1-3%.**

Here's why:

*   **Mechanism:** The primary mechanism behind atrial flutter is the rapid heart rate increase caused by the rapid contraction of the atria. This increased heart rate can lead to a significant increase in blood pressure and potentially cause cardiac ischemia (reduced blood flow) due to the increased workload on the heart muscle.
*   **Treatment:** Treatment with ibutilide aims to reduce this rate. It typically involves:
    *   **Medication:**  Ibuprofen (Advil, Motrin) or naproxen (Aleve) are commonly used for treating atrial flutter.
    *   **Lifestyle Modifications:**  Regular exercise, a healthy diet, and adequate sleep can help manage the symptoms and prevent further deterioration.
    *   **Monitoring:** Regular monitoring of vital signs (heart rate, rhythm, blood pressure) is crucial to assess the effectiveness of the treatment and identify any potential complications.
*   **Pathophysiology:**
    *   **Increased",36.29584884643555,0.1407069637005466,0.5825112995439287,0.1,0.30114591255768086
Which condition is linked to elevated cholesterol levels as a risk factor for aortic aneurysm?,High levels of cholesterol in the blood are a risk factor for aortic aneurysm.,"Okay, I'm ready to answer your clinical question about the link between elevated cholesterol levels and aortic aneurysm. Please provide me with the information you would like me to analyze.",5.895235061645508,0.3905235846567114,0.8570100639657043,0.3,0.540908742517624
What are the potential legal implications of classifying a myocardial infarction as an injury?,This can create coverage issues in the administration of no-fault insurance schemes such as workers' compensation.,"Okay, I'm ready to provide accurate and informative answers to your clinical questions about myocardial infarction (MI). Please proceed with your questions. I will do my best to answer them clearly and concisely.",882.3589477539062,0.0,0.15268219878259448,0.1,0.10107287951303781
What causes damage to the valves and endocardium?,"Damage to the valves and endocardium can be caused by: Altered, turbulent blood flow. Altered blood flow is more likely in high-pressure areas, so ventricular septal defects or patent ductus arteriosus can create more susceptibility than atrial septal defects. Catheters, electrodes, and other intracardiac prosthetic devices. Solid particles from repeated intravenous injections. Chronic inflammation. Examples include auto-immune mechanisms and degenerative valvular lesions.","Okay, I'm ready to answer your clinical questions about valve damage and endocardium. Please provide me with the information you would like me to analyze. I will do my best to provide accurate and helpful answers based on established medical knowledge.",122.88187408447266,0.06914119020067315,0.6773821539923777,0.1,0.3247810996370857
Can DVT cause cyanosis?,"Yes, DVT can cause a blue or purplish discoloration (cyanosis).","Yes, DVT (Double-Chain Pentose Phosphate) can cause cyanosis.",19.584381103515625,0.443365986793217,0.7423575671175098,0.2,0.46561622420564736
What condition can be diagnosed using coronary catheterization?,Coronary catheterization can diagnose coronary artery disease and myocardial infarctions ('heart attacks').,"Okay, I'm ready to answer your clinical questions about coronary catheterization. Please provide me with the information you would like me to analyze.",44.70180892944336,0.22483749331407663,0.7525887376952837,0.4,0.5060029937409288
In which journal can one find information about optimal medical therapy with or without PCI for stable coronary disease?,New England Journal of Medicine.,"Okay, I'm ready to be your comprehensive cardiology resource! To provide you with the most accurate and helpful information, please tell me:

*   **What is the specific condition you want to understand?** (e.g., angina, heart failure, arrhythmias, myocardial infarction, etc.)
*   **What is the severity of the condition?** (e.g., mild, moderate, severe)
*   **Are there any specific symptoms you are experiencing?** (e.g., chest pain, shortness of breath, palpitations, dizziness, fatigue, etc.)
*   **Do you have any other relevant information?** (e.g., previous diagnoses, medications, family history, lifestyle factors)

Once I have this information, I will do my best to answer your questions accurately and comprehensively.",294.03369140625,0.0,0.3280202529478509,0.3,0.2512081011791404
What role do social determinants play in myocardial infarction risk and survival?,"Social determinants such as neighborhood disadvantage, immigration status, lack of social support, social isolation, and access to health services play an important role in myocardial infarction risk and survival.","Okay, I'm ready to be your comprehensive cardiovascular health specialist! Let's dive into the crucial role of social determinants in myocardial infarction (MI) risk and survival.",65.09237670898438,0.4879096105020932,0.6863745278615085,0.9,0.7321317332450221
How does the mitral valve contribute to outflow obstruction in hypertrophic cardiomyopathy?,The pulling of the mitral valve leaflets towards the septum contributes to the outflow obstruction.,"Okay, I'm ready to provide accurate and informative answers to your clinical questions about mitral valve dysfunction. Please proceed with your questions.",74.48394775390625,0.2056932018116101,0.6476169866794398,0.1,0.3401854350340979
When did the concept of cardiac remodeling originate?,Initially developed to describe changes that occur in the days and months following myocardial infarction.,"Okay, I'm ready to answer your clinical questions about cardiac remodeling. Please provide me with the information you would like me to analyze. I will do my best to provide accurate and helpful answers based on established medical knowledge.",355.8108215332031,0.0,0.45626128965046453,0.2,0.26250451586018586
What does pleuritic pain suggest in the context of aortic dissection?,Acute pericarditis caused by bleeding into the sac surrounding the heart.,"Okay, I'm ready to provide accurate and informative answers to your clinical questions about pleuritic pain in aortic dissection. Please proceed with your questions.",62.672916412353516,0.0,0.37732871010271396,0.1,0.1909314840410856
When are antibiotics prescribed for TAVI patients?,Antibiotics are prescribed for use before certain dental procedures.,"Okay, I'm ready to be your comprehensive cardiology expert! Let's start with the basics. To give you the most accurate answer, please tell me:

*   **What is the specific type of TAVI (Tricotomy-Thoracacheal or Thoracarter)?** This will help me understand the context of your question.
*   **What is the patient's age range?**
*   **What is the patient's overall health status?** (e.g., stable, active, chronic)
*   **Are there any specific conditions that are causing the TAVI?** (e.g., heart failure, pneumothorax, etc.)

Once I have this information, I can provide you with a detailed and personalized answer regarding antibiotic recommendations for TAVI patients.",174.94583129882812,0.0,0.42562993089722545,0.1,0.2102519723588902
Can an atrial septal defect lead to arrhythmias?,"Yes, due to abnormal electrical conduction between the atria.","Yes, an atrial septal defect (ASD) can potentially lead to arrhythmias. While it's not a common or life-threatening condition, it can still occur. 

Here's why:

*   **Risk Factors:** ASD is associated with a higher risk of developing arrhythmias, particularly in individuals with pre-existing heart conditions like atrial fibrillation or atrial hypotension.
*   **Mechanism of Action:** The underlying cause of the ASD is not fully understood, but it's believed to involve a combination of factors, including:
    *   **Increased blood flow to the right side of the heart:** This can be due to a blockage or inflammation in the left ventricle of the heart.
    *   **Impaired cardiac output:** A weakened heart can't pump enough blood to meet the body's needs.
    *   **Infection:** Infections can disrupt the delicate electrical balance within the heart.
    *   **Structural abnormalities:** Some structural problems can contribute to the development of ASD.
*   **Symptoms:** In some cases, arrhythmias can manifest as sudden, irregular breathing, palpitations, chest pain, or other symptoms that may be related to the ASD.
*   **Treatment:** Treatment for ASD typically involves managing the underlying causes",103.37837219238281,0.02562167855453028,0.4633711131279016,0.9,0.5504727809620668
What does the Bethesda unit measure?,The Bethesda unit measures blood coagulation inhibitor activity.,"Okay, I'm ready to answer your clinical questions about cardiology. Please provide me with the information you would like me to analyze. I will do my best to provide accurate and helpful answers based on the available data.",63.308815002441406,0.0,0.3012130502558283,0.1,0.16048522010233132
Is there a need for invasive procedures in the management of takotsubo cardiomyopathy?,"Invasive procedures are not typically required, as the condition is usually managed with conservative measures.","Yes, there is a need for invasive procedures in the management of takotsubo cardiomyopathy.",20.611007690429688,0.2530431119308033,0.5277579059862428,0.4,0.42171178478065785
Can the ECG always show signs of left atrial enlargement and left ventricular dilatation in individuals with chronic mitral regurgitation?,"No, it may not show these findings in the setting of acute MR.","Yes, the ECG can always show signs of left atrial enlargement and left ventricular dilatation in individuals with chronic mitral regurgitation.",420.73419189453125,0.1311742712319607,0.4036263549836338,0.4,0.34768539623984573
Which vasoactive agents are not typically recommended for patients with left heart failure or hypoxemic lung diseases?,"Prostanoids, phosphodiesterase inhibitors, or endothelin antagonists.","Okay, I'm ready to provide accurate and informative answers to your clinical questions about vasoactive agents. Please proceed with your questions.",332.57269287109375,0.0,0.4189742760410507,0.1,0.2075897104164203
What does secondary pulmonary hypertension refer to?,"Secondary pulmonary hypertension refers to conditions resulting from other, non-vascular causes.","Secondary Pulmonary Hypertension refers to a condition where the blood pressure in the lungs is too high for the body's normal response to oxygen levels. This can occur due to various factors, including:

*   **High Blood Pressure (Hypertension):** This is the most common cause.
*   **Heart Failure:** In people with heart failure, the heart may not be able to pump enough blood effectively to meet the body's needs.
*   **Lung Disease:** Conditions like chronic obstructive pulmonary disease (COPD), asthma, or other lung diseases can contribute to elevated blood pressure.
*   **Certain Medications:** Some medications, such as certain antibiotics or diuretics, can increase blood pressure.
*   **Infections:** Infections can also lead to increased blood pressure.
*   **Other Medical Conditions:** Certain conditions, such as diabetes, kidney disease, and certain types of cancer, can affect blood pressure.

The specific mechanism behind secondary pulmonary hypertension is not fully understood, but it likely involves a combination of factors that work together to elevate blood pressure.",42.629188537597656,0.15636049894623763,0.862904337711045,0.9,0.7364338348736656
What is the estimated 5-year mortality rate for patients with intermittent claudication?,'5-year mortality rate is estimated to be 30%'.,"Okay, I'm ready to provide an estimate of the 5-year mortality rate for patients with intermittent claudication. To do this effectively, I need some information about your specific situation. Please answer these questions as thoroughly as possible:

*   **What is the exact diagnosis of intermittent claudication?** (e.g., acute, chronic, unspecified, etc.)
*   **What is the severity of the claudicency?** (e.g., mild, moderate, severe, refractory)
*   **How long has the claudicence been present?** (e.g., less than 1 year, 1-2 years, 2-3 years, 3+ years)
*   **Are there any other symptoms or changes in the patient's condition that may be associated with intermittent claudication?** (e.g., pain, numbness, weakness, difficulty breathing, fever, swelling, changes in bowel or bladder function, etc.)
*   **Have you had any recent surgeries or procedures?**
*   **Do you have any known medical conditions that could affect your heart health?** (e.g., diabetes, high blood pressure, heart disease, kidney disease,",60.86383819580078,0.09255704240484564,0.32069224039652977,0.1,0.18678830463958104
What are some standard catheter positions for an EP study?,"""High right atrium"" or hRA near the sinus node, a ""His"" across the septal wall of the tricuspid valve to measure bundle of His, a ""coronary sinus"" into the coronary sinus, and a ""right ventricle"" in the apex of the right ventricle","Okay, I'm ready to provide you with accurate and helpful answers regarding standard catheter positions for an EP study. Please let me know what you would like me to do!",123.58991241455078,0.0,0.3230452152414965,0.1,0.1692180860965986
What additional symptoms might accompany chest pain during coronary vasospasm?,"Nausea, vomiting, cold sweating, and syncope.","Okay, I'm ready to provide you with accurate and helpful information about chest pain during coronary vasospasm. Please proceed with your questions. I will do my best to answer them clearly and concisely.",525.7803344726562,0.0,0.25687849403585034,0.1,0.14275139761434014
What is another indirect mechanism thought to contribute to myocarditis in COVID-19 patients?,Indirect damage to the heart by inducing auto-immune mediated damage to the heart muscle.,"Okay, I'm ready to provide you with accurate information about another indirect mechanism thought to contribute to myocarditis in COVID-19 patients.",148.23062133789062,0.12815740981367313,0.5214942951905345,0.9,0.5942292000389484
What recent discovery challenges the traditional understanding of unstable angina?,Recent discovery of sensitive troponin assays revealing rise of cardiac troponin in the bloodstream with episodes of even mild myocardial ischemia challenges the traditional understanding of unstable angina.,"Okay, I'm ready to provide accurate and informative answers to your clinical questions about unstable angina. Please proceed with your questions.",89.67897033691406,0.18998674450983924,0.39761811989849827,0.2,0.2770445968613672
What factors are considered in a cardiovascular risk assessment?,"Dyslipidemia, comorbid conditions, and lifestyle.","Okay, I'm ready to be your cardiovascular risk assessment expert! Let's begin. Please tell me about the specific cardiovascular risk assessment you would like me to perform.",391.7117614746094,0.0,0.41228886619166766,0.2,0.24491554647666708
What are the classifications of heart diseases based on the risk of developing infective endocarditis (IE)?,"High, medium, and low risk.","Okay, I'm ready to provide accurate and detailed information about heart disease classification based on risk of infection. Please tell me what you would like me to do.",92.36580657958984,0.10586915749161764,0.31878137018560765,0.2,0.2286863795725666
What are the locations of β1-adrenergic receptors?,β1-adrenergic receptors are located mainly in the heart and in the kidneys.,"Okay, I'm ready to answer your clinical questions about β1-adrenergic receptors. Please provide me with the information you would like me to analyze.",11.886780738830566,0.28596936020649055,0.7519749947790217,0.2,0.43798386995290683
Where is PCI typically performed?,In a catheterization laboratory.,"Okay, I'm ready to answer your clinical questions about PCI. Please provide me with the information you would like me to analyze.",8232.4873046875,0.0,0.32991360266850284,0.2,0.21196544106740114
How does popular media portrayal affect public understanding of heart attacks?,It contributes to widespread misunderstanding about the symptoms of myocardial infarctions.,"Okay, I'm ready to provide accurate and informative answers to your clinical questions about the impact of popular media portrayals on public understanding of heart attacks. Please proceed with your questions.",128.96173095703125,0.10357509604691983,0.4677495021189633,0.5,0.40781482005696934
Can blackouts in Brugada syndrome occur even if the heart rhythm is normal?,"Yes, blackouts can occur in those with Brugada syndrome despite a normal heart rhythm, due to a sudden drop in blood pressure known as vasovagal syncope.","Yes, blackouts in Brugada syndrome can occur even if the heart rhythm is normal.",14.940142631530762,0.5474437181376564,1.0,0.9,0.8694887436275314
How do nitrovasodilators affect blood flow in the body?,"They increase blood flow by dilating blood vessels, thereby lowering systemic resistance.","Okay, I'm ready to provide you with accurate information about nitrovasodilators and their impact on blood flow. Please proceed with your questions.",58.34870910644531,0.1715704403290222,0.5628550146179575,0.2,0.3394560939129875
How many deaths were caused by congenital heart defects in 2015?,"In 2015, they resulted in 303,300 deaths, down from 366,000 deaths in 1990.","Based on the information provided, there were **no** deaths caused by congenital heart defects in 2015.",12.740615844726562,0.27991155932652934,0.6092242354618617,0.9,0.6596720060500506
When might surgery be necessary for patent ductus arteriosus?,If medications fail to close the ductus arteriosus or if there are complications that require surgical intervention,"Okay, I'm ready to provide accurate and informative answers to your clinical questions about patent ductus arteriosus (PDA). Please proceed with your questions. I will do my best to answer them clearly and concisely.",45.79737854003906,0.18944534289592027,0.6086686952448267,0.2,0.36135654667711475
What is the median survival time for pulmonary arterial hypertension (PAH) with treatment?,"Not directly stated, but implied to be longer than 2-3 years","Okay, I'm ready to provide you with accurate information about pulmonary arterial hypertension (PAH) with treatment. Please ask your question clearly and concisely. I will do my best to answer based on the available information and common understanding of PAH.",110.0298080444336,0.0,0.096370085500703,0.3,0.15854803420028118
What is the incidence of VTE in populations over 85 years old annually?,It occurs in almost 1% of those ≥ aged 85 annually.,"Okay, I'm ready to answer your clinical question about the incidence of VTE in populations over 85 years old annually.",297.18914794921875,0.20011149108230084,0.6152592983536721,0.9,0.6461260175579291
When were the first clinically significant beta blockers synthesized?,"In 1964, James Black synthesized the first clinically significant beta blockers—propranolol and pronethalol.","Okay, I'm ready to answer your clinical questions about beta blockers. Please provide me with the information you would like me to analyze.",101.45555114746094,0.1800969864506637,0.6241416327445771,0.1,0.32567605038796366
What is the only known placebo-controlled trial examining the place of anticoagulants in the treatment of PE?,Barrit and Jordan's study.,The only known placebo-controlled trial examining the place of anticoagulants in the treatment of PE is **the Phase 1 Clinical Trial of Anticoagulant Therapy for Pulmonary Embolic (PE)**.,1365.9591064453125,0.0,0.19488957849551222,0.8,0.39795583139820495
What are the two main types of pulmonary hypertension based on the 1973 classification?,"Primary PH (resulting from a disease of the pulmonary arteries) and secondary PH (resulting secondary to other, non-vascular causes).","Okay, I'm ready to answer your questions about pulmonary hypertension. Please provide me with the information you would like me to analyze.",143.4808807373047,0.09874139310756834,0.47853962322818006,0.4,0.37116412791278575
Which clinical trials have shown the superiority of ICDs over antiarrhythmic drugs?,"The SCD-HeFT, AVID, and MADITII trials have shown the superiority of ICDs over antiarrhythmic drugs.","Okay, I'm ready to provide accurate and informative answers to your clinical questions about ICDs versus anti-arrhythmias medications. Please proceed with your questions.",77.85301208496094,0.099589585997896,0.827292754731623,0.3,0.4708350190922284
What is another possible complication of pericarditis besides cardiac tamponade?,Another possible complication is myocarditis.,"Okay, I'm ready to provide accurate and informative answers to your clinical questions about pericarditis. Please proceed with your questions.",104.74395751953125,0.0,0.5763343675727526,0.1,0.27053374702910105
What is pitting edema?,"It is a sign of fluid retention that can be detected by applying pressure to the swollen area, which leaves an indentation.","Okay, I'm ready to answer your clinical question about pitting edema. 

**Pitting Edema: A Comprehensive Explanation**

Pitting edema refers to fluid accumulation in the tissues of the body, often due to conditions like:

*   **Heart Failure:** Fluid buildup in the heart can lead to reduced blood flow, causing swelling and discomfort.
*   **Kidney Disease:** Fluid accumulation in the kidneys can cause kidney stones, fluid retention, and potentially lead to kidney failure.
*   **Diabetes:** Fluid accumulation in the pancreas can contribute to pancreatic diabetes.
*   **Certain Medical Conditions:** In rare cases, pitting edema can be caused by conditions like congestive heart failure or other systemic diseases.

**Diagnostic Criteria for Pitting Edema**

The specific diagnostic criteria for pitting edema depend on the underlying condition. However, some common criteria include:

1.  **Presence of Fluid Accumulation:** This is the most critical aspect. The presence of fluid in the affected area must be clearly defined. It should not be a simple ""fluid"" but rather a noticeable and consistent accumulation of fluid.
2.  **Fluid Content:** The amount of fluid present must be high enough to be considered edema. This usually involves a significant increase in",50.60044860839844,0.08276841462195263,0.4110527124766907,0.7,0.46097476791506675
What are the five medical conditions that define metabolic syndrome?,"Abdominal obesity, high blood pressure, high blood sugar, high serum triglycerides, and low serum high-density lipoprotein (HDL).","Okay, I'm ready to answer your questions about metabolic syndrome. Please tell me what you would like me to do.",46.62764358520508,0.0,0.4047296201138525,0.1,0.20189184804554103
What physiological process is primarily responsible for the development of peripheral edema in calcium channel blocker users?,The differential dilation of arterioles and precapillaries versus veins and postcapillaries.,The physiological process primarily responsible for the development of peripheral edema in calcium channel blocker (CCB) users is **vasoconstriction**.,2779.336181640625,0.0,0.46021063266973494,0.4,0.34408425306789403
What is the normal pathway of electrical signals in the heart?,The sinoatrial node (SA node) produces an electrical signal which travels to the ventricles through the atrioventricular node (AV node).,"Okay, I'm ready to answer your clinical questions about the normal pathway of electrical signals in the heart. Please provide me with the information you would like me to analyze.",12.449663162231445,0.08668120313932927,0.5927429248302903,0.1,0.29443341055998207
What are the three main types of primary pulmonary hypertension?,"Arterial plexiform, veno-occlusive, and thromboembolic.","Okay, I'm ready to answer your questions about primary pulmonary hypertension (PPH). Please provide me with the information you would like me to analyze.",108.68426513671875,0.0,0.4041728862867748,0.1,0.20166915451470993
What happens if the AV node is involved in maintaining the rhythm during SVT?,"If the AV node is involved, maneuvers slowing conduction through the AV node will terminate it.","Okay, I'm ready to provide accurate and detailed answers to your clinical questions about the AV node's role in maintaining rhythm during SVT. Please proceed with your questions.",307.86590576171875,0.09428146622948644,0.584396976057163,0.9,0.6126150836687625
What is the sensitivity and specificity of CUS tests in diagnosing pulmonary embolism?,"Sensitivity of 41%, specificity of 96%.","Okay, I'm ready to answer your questions about CUS tests in diagnosing pulmonary embolism. Please provide me with the information you would like me to analyze.",127.35842895507812,0.0,0.22451610231812855,0.1,0.12980644092725144
What congenital heart defect is listed as a risk factor for aortic aneurysm?,Bicuspid aortic valve is a risk factor for aortic aneurysm.,"Okay, I'm ready to answer your clinical question about the congenital heart defect listed as a risk factor for aortic aneurysm. 

**Please provide me with the information you would like me to analyze.**",6.935306549072266,0.3866992497880473,0.7052998403134488,0.9,0.719459786082989
What are the traditional factors contributing to deep vein thrombosis according to Virchow's triad?,"Venous stasis, hypercoagulability, and changes in the endothelial blood vessel lining.","Okay, I understand. I am ready to answer your clinical questions accurately and comprehensively. Please provide me with the information you would like me to analyze.",41.58530044555664,0.0,0.2611355042532802,0.1,0.1444542017013121
How many deaths are attributed to PE annually?,"More than 100,000 deaths or more are attributable to PE.","Given that the question asks for the number of deaths attributed to PE annually, I would estimate that there are approximately **100** deaths per year attributed to PE.",11.146259307861328,0.16846490224291397,0.8285669050329605,0.4,0.5251197424617671
What are the key components of clinical assessment and management of patients with ICDs?,"Cardiovascular evaluation, electrophysiological assessment, and psychosocial support.","Okay, I'm ready to be your comprehensive clinical assessment and management of patients with ICDs. I will focus on accurate diagnosis, appropriate treatment, and understanding of the underlying pathophysiology. Please provide me with any clinical questions you have. I am here to help!",1272.9984130859375,0.09209511800649856,0.32265359747033107,0.2,0.22748046258943216
What is removed after the valve is implanted during TAVR?,The delivery system is removed.,"Okay, I'm ready to answer your clinical questions about the removal of the valve after implantation. Please provide me with the information you would like me to analyze.",236.2960662841797,0.0,0.3055265722249245,0.2,0.20221062888996982
What is the importance of regular monitoring of digoxin levels in patients?,"Regular monitoring of digoxin levels is crucial to ensure therapeutic efficacy and prevent toxicity, as digoxin has a narrow therapeutic index.","Okay, I'm ready to be your comprehensive cardiology medical assistant! Let's dive into the importance of regular monitoring of digoxin levels in patients.",13.32988166809082,0.39159679314841617,0.7942275398433782,0.9,0.7560103745670346
What are the local names for Brugada syndrome in different countries?,"Bangungut in the Philippines, Lai Tai in Thailand, and Pokkuri in Japan.","Okay, I'm ready to provide accurate information about Brugada Syndrome (BS) in different countries. Please tell me what you would like me to do with this information.",5603.9853515625,0.0,0.26815904677619923,0.4,0.2672636187104797
Who introduced surgery for aortic dissection?,Surgery for aortic dissection was introduced in the 1950s by Michael E. DeBakey.,"Okay, I'm ready to be your cardiovascular specialist! Let's begin with the question about who introduced surgery for aortic dissection.",7.612161636352539,0.5306357054568068,0.751906390620851,0.8,0.7268896973397019
What imaging test is often used after an abnormal ABI to look at the site of obstruction and extent of atherosclerosis?,Lower limb Doppler ultrasound.,"Okay, I'm ready to answer your clinical question about the imaging test used after an abnormal ABI (Abnormal Biopsy) to assess the site of obstruction and extent of atherosclerosis.",1429.14892578125,0.0,0.468968831616195,0.9,0.5475875326464781
Is there a correlation between the degree of aortic regurgitation and the need for surgical intervention?,"Yes, severe cases require intervention","Yes, there is a strong correlation between the degree of aortic regurgitation and the need for surgical intervention.",23761.16015625,0.158515839600424,0.47535103609543555,0.9,0.5818435823582591
How does mitral valve stenosis contribute to atrial fibrillation?,"Mitral valve stenosis, whether due to rheumatic heart disease or mitral valve prolapse, is a known factor associated with the development of atrial fibrillation.","Okay, I'm ready to provide you with accurate information about mitral valve stenosis and its impact on atrial fibrillation. Please proceed with your questions.",15.196219444274902,0.43663363918832493,0.8277704829415861,0.2,0.4984349210142994
Does atrial fibrillation in cats and dogs usually indicate an underlying heart disease?,"Yes, they often have underlying structural heart disease.","Yes, atrial fibrillation in cats and dogs typically indicates an underlying heart disease.",541.0906372070312,0.3713382225222287,0.5993461461024447,0.9,0.6740061029454236
What role does calciphylaxis play in coronary artery disease?,Calcium phosphate (hydroxyapatite) deposits in the muscular layer of the blood vessels appear to play a significant role in stiffening the arteries and inducing the early phase of coronary arteriosclerosis.,"Okay, I'm ready to be your cardiovascular specialist! Let's dive into the role of calciphylaxis in coronary artery disease (CAD).",66.23358917236328,0.13521297181296746,0.47099870759030693,0.2,0.2954420773987163
What has increased in terms of risk factors for cardiac stress testing?,The prevalence of diabetes and obesity.,"Okay, I'm ready to provide accurate and informative answers to your clinical questions about cardiac stress testing. Please proceed with your questions.",2049.35888671875,0.0,0.10627739699170198,0.1,0.0825109587966808
What are some natural sources of statins?,Oyster mushrooms and red yeast rice.,"Okay, I'm ready to provide you with accurate information about natural sources of statins. 

**Disclaimer:** This information is for educational purposes only and should not be considered medical advice. Always consult with your healthcare provider for personalized guidance regarding your specific health needs and any medications you are taking. They can assess your individual situation and recommend the most appropriate course of action.",8029.26708984375,0.0,0.1628380511457072,0.4,0.22513522045828294
How does the sinoatrial node function in a healthy heart?,"It acts as the heart's natural pacemaker, generating regular electrical impulses that spread throughout the heart.","Okay, I'm ready to answer your clinical questions about the sinoatrial node (SA node) function. Please provide me with the information you would like me to analyze. I will do my best to provide accurate and helpful answers based on established medical knowledge.",13.99569034576416,0.0,0.45446192251103495,0.2,0.261784769004414
Can a happy event trigger takotsubo cardiomyopathy?,"Yes, in a few cases, the stress may be a happy event, such as a wedding, winning a jackpot, a sporting triumph, or a birthday.","Yes, a happy event can trigger takotsubo cardiomyopathy.",87.46295166015625,0.26638666333625177,0.5300631080102133,0.9,0.6253025758713358
When do skin necrosis and limb gangrene typically occur with Warfarin?,Skin necrosis and limb gangrene are most commonly observed on the third to eighth day of therapy.,"Okay, I'm ready to provide accurate information about skin necrosis and limb gangrene. Please proceed with your questions.",57.72108840942383,0.45785035485324344,0.7814967793203877,0.2,0.4841687826988038
Are extended courses of immunosuppressive therapy often required for these immune-mediated forms of myocarditis?,"Yes, they often require an extended course (maintenance course) of immunosuppressive therapy.","Yes, extended courses of immunosuppressive therapy are generally recommended for the management of myocarditis.",93.70049285888672,0.4272287236293465,0.6910113050075366,0.9,0.721850266728884
What can happen if AV-blocks are treated unnecessarily?,Worsening of symptoms and complications.,"Okay, I'm ready to provide accurate and informative answers to your clinical questions about AV-blockers. Please proceed with your questions. I will do my best to answer them clearly and concisely.",364.884033203125,0.0,0.2988086080825901,0.1,0.15952344323303605
Can a normal stress test rule out coronary artery disease?,"No, a 'normal' stress test does not offer any substantial reassurance that a future unstable coronary plaque will not rupture and block an artery, inducing a heart attack.","Yes, a normal stress test can rule out coronary artery disease (CAD).",151.01278686523438,0.3632877867121885,0.8626810757944793,0.1,0.45772998766022943
Is Takotsubo cardiomyopathy more common in certain demographics?,It is more common in postmenopausal women.,"Yes, Takotsubo cardiomyopathy is more commonly found in certain demographic groups.",41.680946350097656,0.15453363636842088,0.4568540022945448,0.9,0.5736483281915021
Can Brugada syndrome be treated effectively?,"The main aim is to reduce the risk of sudden death, but specific treatments depend on the individual's risk level.","Yes, Brugada Syndrome (BS) can be treated effectively. It is a rare genetic disorder that affects the heart's ability to beat at rest. Treatment options include:

*   **Lifestyle modifications:** This includes diet, exercise, smoking cessation, and stress management.
*   **Medications:** Medications like beta-blockers, ACE inhibitors, or ARBs can help manage symptoms and improve outcomes.
*   **Surgery:** In some cases, surgery may be necessary to correct underlying structural abnormalities or to remove damaged heart tissue.

The effectiveness of Brugada Syndrome treatment depends on the individual patient's specific circumstances, including their age, overall health status, and the severity of the disease. However, it is generally considered a treatable condition with good prognosis.",48.547760009765625,0.06275883055784667,0.36658178630932975,0.9,0.5191844806353013
What are some examples of arrhythmias treated by antiarrhythmic agents?,"Atrial fibrillation, supraventricular tachycardia, and ventricular tachycardia.","Okay, I'm ready to be your comprehensive cardiology answerator! Please provide me with the information you would like me to analyze. I will do my best to provide accurate and helpful answers based on established medical knowledge. 

I am here to help you understand the complexities of cardiac arrhythmias and how they can be managed effectively. Let's begin!",46.539695739746094,0.0,0.49639489269609127,0.1,0.23855795707843652
What does the name 'Takotsubo' refer to in this condition?,A Japanese octopus trap shaped like the left ventricle during an acute episode.,"The term ""Takotsubo"" refers to a **sudden and dramatic change in the heart rhythm or activity pattern.** It is characterized by a significant alteration of the heart's electrical system, leading to a period of intense cardiac stress and potentially life-threatening complications.",1987.539306640625,0.0,0.35927095321683805,0.2,0.22370838128673523
Which conditions specifically make nitrovasodilators contraindicated?,"Severe hypotension, shock (including cardiogenic shock), and anaemia.","Okay, I'm ready to be your medical assistant! Please tell me what you need answered. I will do my best to provide accurate and helpful information based on the available data.",106.72146606445312,0.0,0.18514337594099634,0.2,0.15405735037639856
How does angina pectoris develop in aortic regurgitation?,Due to increased myocardial oxygen demand secondary to left ventricular hypertrophy or dilatation.,"Okay, I'm ready to answer your question about angina pectoris. Please provide me with the information you would like me to analyze. I will do my best to provide accurate and helpful answers based on the available data.",186.26573181152344,0.0,0.3522112897804828,0.2,0.22088451591219313
Is Long QT Syndrome more common in females or males?,Females are affected more often than males.,"Yes, Long QT Syndrome (LQTS) is more common in females than in males.",55.90511703491211,0.5578504857071639,0.60169556853657,0.9,0.7122483245560609
"According to the American Heart Association, what should be categorized as a clinical vital sign?","Cardiorespiratory fitness, quantifiable as V̇O2 max and measured during a cardiopulmonary exercise test","Okay, I'm ready to provide accurate and informative answers to your clinical questions about vital signs. Please ask away!",241.37782287597656,0.0,0.3581031194671645,0.1,0.18324124778686582
What role does excessive alcohol consumption play in the development of metabolic syndrome?,Excessive alcohol use can contribute to the development of metabolic syndrome.,"Okay, I'm ready to provide accurate and informative answers to your clinical questions about alcohol consumption and its impact on metabolic syndrome. Please proceed with your questions.",13.749021530151367,0.38682363400252334,0.7506839634213656,0.3,0.4976383121690509
What would you expect to observe during jugular venous pulse examination in severe tricuspid regurgitation?,"In severe tricuspid regurgitation, you would expect to observe giant C-V waves in the jugular venous pulse due to the elevated pressure in the right atrium and superior vena cava.","Okay, I'm ready to provide accurate and detailed information about jugular venous pulse (JVP) examination in severe tricuspid regurgitation. Please proceed with your questions.",18.353681564331055,0.4104631309588645,0.712195439207501,0.1,0.4069708018747733
How are anticoagulants related to antiplatelet drugs?,They manipulate different pathways of blood coagulation.,"Okay, I'm ready to provide accurate and informative answers to your clinical questions about anticoagulants. Please proceed with your questions.",3220.713623046875,0.0,0.521287857491714,0.1,0.24851514299668562
What are the main goals of treatment for angina pectoris?,"Relief of symptoms, slowing progression of the disease, and reduction of future events, especially heart attacks and death.","Okay, I'm ready to provide accurate and informative answers to your clinical questions about angina pectoris. Please proceed with your questions.",138.08175659179688,0.0,0.3549590653567289,0.1,0.18198362614269156
How much does the mitral valve area need to decrease before it starts to impede blood flow into the left ventricle?,"When the mitral valve area goes below 2 cm2, the valve causes an impediment to the flow of blood into the left ventricle.","Okay, I'm ready to provide you with accurate information about the mitral valve area and its impact on blood flow. Please proceed with your questions.",21.56865692138672,0.3998925514760469,0.7497469795378151,0.4,0.5398773021103355
What does a typical ECG in atrial fibrillation show?,A typical ECG in AF shows irregularly spaced QRS complexes without P waves.,"Okay, I'm ready to answer your clinical question about an electrocardiogram (ECG) in atrial fibrillation. Please provide me with the information you would like me to analyze.",348.5533142089844,0.0,0.5080168747472371,0.2,0.2832067498988949
What protective effect does the AV node have in atrial flutter?,The AV node exerts a protective effect on heart rate by blocking atrial impulses in excess of about 180 beats/minute.,"Okay, I'm ready to provide accurate and informative answers to your clinical questions about the AV node in atrial flutter. Please proceed with your questions.",40.3813591003418,0.24856289440702203,0.7704542949449918,0.2,0.4378942968594012
Which cell type synthesizes BNP?,Cardiomyocytes synthesize BNP.,"Okay, I'm ready to answer your clinical questions about BNP synthesis. Please provide me with the information you would like me to analyze.",16.173978805541992,0.0,0.6452202177136193,0.1,0.29808808708544776
What are the different angiographic morphologies of Takotsubo cardiomyopathy?,"Takotsubo type (apical akinesia and basal hyperkinesia), reverse takotsubo (basal akinesia and apical hyperkinesia), mid-ventricular type (mid-ventricular ballooning accompanied by basal and apical hyperkinesia), and localised type (any other segmental left ventricular ballooning with clinical characteristics of takotsubo-like left ventricular dysfunction)","Okay, I'm ready to provide accurate and detailed information about angiographic morphologies of Takotsubo cardiomyopathy. Please ask me anything! I will do my best to answer your questions clearly and concisely.",74.70166015625,0.08081450965359162,0.6833041081229952,0.1,0.32948454517991643
What underlying conditions might exacerbate symptoms of atrial flutter?,Underlying heart diseases such as coronary artery disease or poor exercise tolerance may rapidly worsen symptoms.,"Okay, I'm ready to be your cardiovascular specialist! Let's delve into the causes of atrial flutter. 

**Understanding Atrial Flutter:**

Atrial flutter is a common and often life-threatening condition that occurs when the atria (the upper chambers of the heart) become rapidly dilated or constricted. This dilation can occur due to various factors, including:

*   **Heart failure:** This is the most common cause. Heart failure leads to increased pressure within the atria, causing them to contract more forcefully.
*   **Arrhythmias:** Abnormal electrical activity in the heart can lead to irregular rhythms, which can manifest as fluttering or squeezing sensations.
*   **Cardiac ischemia:** Reduced blood flow to the heart muscle can cause it to contract faster and dilate more easily.
*   **Infection:** Infections can disrupt the delicate valves and increase the risk of atrial flutter.
*   **Medications:** Certain medications, such as certain antihypertensive drugs, can also contribute to atrial flutter.

**Common Underlying Conditions That May Exacerbate Atrial Flutter Symptoms:**

While not always present, several conditions can worsen atrial flutter symptoms:

*   **Heart Failure:** This is the most significant underlying cause. Heart failure leads to increased",739.2545776367188,0.12950167609727417,0.5209420231914736,0.9,0.5942771444960444
What is the outcome of high-dose calcium channel blockers in IPAH patients?,Useful in only 5% of IPAH patients who are vasoreactive by Swan-Ganz catheter.,"Okay, I'm ready to provide you with accurate information about the outcome of high-dose calcium channel blockers (CCBs) in IPAH patients. Please proceed with your questions.",443.4180603027344,0.20898172261588488,0.4817704414210081,0.4,0.3945045210915803
Which class of drugs is mentioned as potentially useful for relaxing blood vessels in the lungs?,Calcium channel blockers.,"Okay, I'm ready to provide accurate and helpful answers to your clinical questions about potential drug classes that might be useful for relaxing blood vessels in the lungs. Please tell me what you'd like me to do!",62.31529235839844,0.0,0.3476196424617849,0.2,0.219047856984714
What preventive measures can reduce the risk of aortic aneurysm enlargement?,"Attention to the patient's blood pressure, smoking, and cholesterol levels.","Okay, I'm ready to provide you with accurate and helpful information about preventive measures for aortic aneurysm enlargement. Please proceed with your questions.",264.9323425292969,0.0,0.42084795961528415,0.4,0.3283391838461137
